MISMATCH,Channel,Date,Start Time,Program Name - protrack,Nola Episode - protrack,Program Name - titan,Nola Episode - titan,Description - titan
YES,9.1,2025-04-13,00:00:00,Nature,#4311,,,
YES,9.1,2025-04-13,01:00:00,Nova,#5207,,,
YES,9.1,2025-04-13,02:00:00,The Future of Nature,#103,,,
YES,9.1,2025-04-13,03:00:00,On The Record,#812,,,
YES,9.1,2025-04-13,03:30:00,Voter Guide 2025,#2025,,,
YES,9.1,2025-04-13,04:00:00,Washington Week with the Atlantic,#6441,,,
YES,9.1,2025-04-13,04:30:00,Firing Line with Margaret Hoover,#841,,,
YES,9.1,2025-04-13,05:00:00,Happy Yoga with Sarah Starr,#410,,,
YES,9.1,2025-04-13,05:30:00,Classical Stretch: By Essentrics,#1226,,,
YES,9.1,2025-04-13,06:00:00,Wild Kratts,#404,,,
YES,9.1,2025-04-13,06:30:00,Alma's Way,#209,,,
YES,9.1,2025-04-13,07:00:00,Lyla in the Loop,#119,,,
YES,9.1,2025-04-13,07:30:00,Carl The Collector,#116,,,
YES,9.1,2025-04-13,08:00:00,Daniel Tiger's Neighborhood,#618,,,
YES,9.1,2025-04-13,08:30:00,Rosie's Rules,#102,,,
YES,9.1,2025-04-13,09:00:00,Sesame Street,#5425,,,
YES,9.1,2025-04-13,09:30:00,Work It Out Wombats!,#137,,,
YES,9.1,2025-04-13,10:00:00,Central Texas Gardener,#2909,,,
YES,9.1,2025-04-13,10:30:00,Texas Parks and Wildlife,#3323,,,
YES,9.1,2025-04-13,11:00:00,Overheard with Evan Smith,#1102,,,
YES,9.1,2025-04-13,11:30:00,Washington Week with the Atlantic,#6441,,,
YES,9.1,2025-04-13,12:00:00,Firing Line with Margaret Hoover,#841,,,
YES,9.1,2025-04-13,12:30:00,Consuelo Mack Wealthtrack,#2141,,,
YES,9.1,2025-04-13,13:00:00,On The Record,#812,,,
YES,9.1,2025-04-13,13:30:00,Voter Guide 2025,#2025,,,
YES,9.1,2025-04-13,14:00:00,Finding Your Roots,#1110,,,
YES,9.1,2025-04-13,15:00:00,Ancient Roads from Christ to Constantine,#101,,,
YES,9.1,2025-04-13,16:00:00,Ancient Roads from Christ to Constantine,#102,,,
YES,9.1,2025-04-13,17:00:00,Pbs Newshour Weekend,#2282,,,
YES,9.1,2025-04-13,17:30:00,Dw Focus On Europe,#4316,,,
YES,9.1,2025-04-13,18:00:00,Sister Boniface Mysteries,#106,,,
YES,9.1,2025-04-13,19:00:00,Call The Midwife,#1403,,,
YES,9.1,2025-04-13,20:00:00,Wolf Hall: The Mirror and the Light On Masterpiece,#5517,,,
YES,9.1,2025-04-13,21:00:00,Marie Antoinette,#204,,,
YES,9.1,2025-04-13,22:00:00,The Paris Murders,#210,,,
YES,9.1,2025-04-13,23:00:00,Death In Paradise,#157,,,
YES,9.1,2025-04-14,00:00:00,Wolf Hall: The Mirror and the Light On Masterpiece,#5517,,,
YES,9.1,2025-04-14,01:00:00,Marie Antoinette,#204,,,
YES,9.1,2025-04-14,02:00:00,Great Performances,#5203,,,
YES,9.1,2025-04-14,03:00:00,Great Performances,#5111,,,
YES,9.1,2025-04-14,04:00:00,Finding Your Roots,#1110,,,
YES,9.1,2025-04-14,05:00:00,Happy Yoga with Sarah Starr,#411,,,
YES,9.1,2025-04-14,05:30:00,Classical Stretch: By Essentrics,#1227,,,
YES,9.1,2025-04-14,06:00:00,Cyberchase,#1309,,,
YES,9.1,2025-04-14,06:30:00,Wild Kratts,#711,,,
YES,9.1,2025-04-14,07:00:00,Lyla in the Loop,#103,,,
YES,9.1,2025-04-14,07:30:00,Carl The Collector,#118,,,
YES,9.1,2025-04-14,08:00:00,Daniel Tiger's Neighborhood,#514,,,
YES,9.1,2025-04-14,08:30:00,Rosie's Rules,#128,,,
YES,9.1,2025-04-14,09:00:00,Sesame Street,#5432,,,
YES,9.1,2025-04-14,09:30:00,Work It Out Wombats!,#138,,,
YES,9.1,2025-04-14,10:00:00,Donkey Hodie,#222,,,
YES,9.1,2025-04-14,10:30:00,Pinkalicious & Peterrific,#301,,,
YES,9.1,2025-04-14,11:00:00,Elinor Wonders Why,#103,,,
YES,9.1,2025-04-14,11:30:00,Nature Cat,#302,,,
YES,9.1,2025-04-14,12:00:00,Molly of Denali,#121,,,
YES,9.1,2025-04-14,12:30:00,Xavier Riddle and the Secret Museum,#132,,,
YES,9.1,2025-04-14,13:00:00,Sit and Be Fit,#1105,,,
YES,9.1,2025-04-14,13:30:00,Classical Stretch: By Essentrics,#1227,,,
YES,9.1,2025-04-14,14:00:00,Father Brown,#197,,,
YES,9.1,2025-04-14,15:00:00,Midsomer Murders,#603,,,
YES,9.1,2025-04-14,17:00:00,Bbc News America,#1066,,,
YES,9.1,2025-04-14,17:30:00,Bbc News The Context,#1066,,,
YES,9.1,2025-04-14,18:00:00,The Pbs News Hour,#14706,,,
YES,9.1,2025-04-14,19:00:00,Antiques Roadshow,#2913,,,
YES,9.1,2025-04-14,20:00:00,Antiques Roadshow,#1912,,,
YES,9.1,2025-04-14,21:00:00,The Corridors of Power,#0,,,
YES,9.1,2025-04-14,23:00:00,Amanpour and Company,#7206,,,
YES,9.1,2025-04-15,00:00:00,The Corridors of Power,#0,,,
YES,9.1,2025-04-15,02:00:00,Call The Midwife,#1403,,,
YES,9.1,2025-04-15,03:00:00,Wolf Hall: The Mirror and the Light On Masterpiece,#5517,,,
YES,9.1,2025-04-15,04:00:00,Marie Antoinette,#204,,,
YES,9.1,2025-04-15,05:00:00,Happy Yoga with Sarah Starr,#412,,,
YES,9.1,2025-04-15,05:30:00,Classical Stretch: By Essentrics,#1228,,,
YES,9.1,2025-04-15,06:00:00,Cyberchase,#1403,,,
YES,9.1,2025-04-15,06:30:00,Wild Kratts,#217,,,
YES,9.1,2025-04-15,07:00:00,Lyla in the Loop,#102,,,
YES,9.1,2025-04-15,07:30:00,Carl The Collector,#108,,,
YES,9.1,2025-04-15,08:00:00,Daniel Tiger's Neighborhood,#209,,,
YES,9.1,2025-04-15,08:30:00,Rosie's Rules,#106,,,
YES,9.1,2025-04-15,09:00:00,Sesame Street,#5423,,,
YES,9.1,2025-04-15,09:30:00,Work It Out Wombats!,#128,,,
YES,9.1,2025-04-15,10:00:00,Donkey Hodie,#221,,,
YES,9.1,2025-04-15,10:30:00,Pinkalicious & Peterrific,#120,,,
YES,9.1,2025-04-15,11:00:00,Wild Kratts,#0,,,
YES,9.1,2025-04-15,12:00:00,Molly of Denali,#117,,,
YES,9.1,2025-04-15,12:30:00,Xavier Riddle and the Secret Museum,#206,,,
YES,9.1,2025-04-15,13:00:00,Sit and Be Fit,#1106,,,
YES,9.1,2025-04-15,13:30:00,Classical Stretch: By Essentrics,#1228,,,
YES,9.1,2025-04-15,14:00:00,Antiques Roadshow,#2913,,,
YES,9.1,2025-04-15,15:00:00,Antiques Roadshow,#1912,,,
YES,9.1,2025-04-15,16:00:00,Call The Midwife,#1403,,,
YES,9.1,2025-04-15,17:00:00,Bbc News America,#1067,,,
YES,9.1,2025-04-15,17:30:00,Bbc News The Context,#1067,,,
YES,9.1,2025-04-15,18:00:00,The Pbs News Hour,#14707,,,
YES,9.1,2025-04-15,19:00:00,Finding Your Roots,#909,,,
YES,9.1,2025-04-15,20:00:00,Thirst for Power,#0,,,
YES,9.1,2025-04-15,21:00:00,Conversations: Mayoral Race 2025,#0,,,
YES,9.1,2025-04-15,22:00:00,Defying The Nazis: The Sharps' War,#0,,,
YES,9.1,2025-04-15,23:30:00,Amanpour and Company,#7207,,,
YES,9.1,2025-04-16,00:30:00,Finding Your Roots,#909,,,
YES,9.1,2025-04-16,01:30:00,Finding Your Roots,#907,,,
YES,9.1,2025-04-16,02:30:00,American Masters,#3608,,,
YES,9.1,2025-04-16,04:30:00,Antiques Roadshow,#1912,,,
YES,9.1,2025-04-16,05:30:00,Classical Stretch: By Essentrics,#1229,,,
YES,9.1,2025-04-16,06:00:00,Cyberchase,#1404,,,
YES,9.1,2025-04-16,06:30:00,Wild Kratts,#218,,,
YES,9.1,2025-04-16,07:00:00,Lyla in the Loop,#101,,,
YES,9.1,2025-04-16,07:30:00,Carl The Collector,#119,,,
YES,9.1,2025-04-16,08:00:00,Daniel Tiger's Neighborhood,#210,,,
YES,9.1,2025-04-16,08:30:00,Rosie's Rules,#122,,,
YES,9.1,2025-04-16,09:00:00,Sesame Street,#5425,,,
YES,9.1,2025-04-16,09:30:00,Work It Out Wombats!,#123,,,
YES,9.1,2025-04-16,10:00:00,Donkey Hodie,#225,,,
YES,9.1,2025-04-16,10:30:00,Pinkalicious & Peterrific,#604,,,
YES,9.1,2025-04-16,11:00:00,Elinor Wonders Why,#122,,,
YES,9.1,2025-04-16,11:30:00,Nature Cat,#409,,,
YES,9.1,2025-04-16,12:00:00,Molly of Denali,#211,,,
YES,9.1,2025-04-16,12:30:00,Xavier Riddle and the Secret Museum,#133,,,
YES,9.1,2025-04-16,13:00:00,Sit and Be Fit,#1107,,,
YES,9.1,2025-04-16,13:30:00,Classical Stretch: By Essentrics,#1229,,,
YES,9.1,2025-04-16,14:00:00,Finding Your Roots,#909,,,
YES,9.1,2025-04-16,15:00:00,Terence Blanchard In Dallas,#0,,,
YES,9.1,2025-04-16,16:00:00,Bird: Not Out of Nowhere,#0,,,
YES,9.1,2025-04-16,17:00:00,Bbc News America,#1068,,,
YES,9.1,2025-04-16,17:30:00,Bbc News The Context,#1068,,,
YES,9.1,2025-04-16,18:00:00,The Pbs News Hour,#14708,,,
YES,9.1,2025-04-16,19:00:00,Nature,#4312,,,
YES,9.1,2025-04-16,20:00:00,Nova,#5208,,,
YES,9.1,2025-04-16,21:00:00,The Future of Nature,#104,,,
YES,9.1,2025-04-16,22:00:00,Chasing The Tide,#105,,,
YES,9.1,2025-04-16,22:30:00,Chasing The Tide,#106,,,
YES,9.1,2025-04-16,23:00:00,Amanpour and Company,#7208,,,
YES,9.1,2025-04-17,00:00:00,Nova,#5208,,,
YES,9.1,2025-04-17,01:00:00,The Future of Nature,#104,,,
YES,9.1,2025-04-17,02:00:00,The Corridors of Power,#0,,,
YES,9.1,2025-04-17,04:00:00,Finding Your Roots,#909,,,
YES,9.1,2025-04-17,05:00:00,Happy Yoga with Sarah Starr,#502,,,
YES,9.1,2025-04-17,05:30:00,Classical Stretch: By Essentrics,#1230,,,
YES,9.1,2025-04-17,06:00:00,Cyberchase,#1211,,,
YES,9.1,2025-04-17,06:30:00,Wild Kratts,#714,,,
YES,9.1,2025-04-17,07:00:00,Lyla in the Loop,#104,,,
YES,9.1,2025-04-17,07:30:00,Carl The Collector,#109,,,
YES,9.1,2025-04-17,08:00:00,Daniel Tiger's Neighborhood,#617,,,
YES,9.1,2025-04-17,08:30:00,Rosie's Rules,#105,,,
YES,9.1,2025-04-17,09:00:00,Sesame Street,#5407,,,
YES,9.1,2025-04-17,09:30:00,Work It Out Wombats!,#121,,,
YES,9.1,2025-04-17,10:00:00,Donkey Hodie,#224,,,
YES,9.1,2025-04-17,10:30:00,Pinkalicious & Peterrific,#125,,,
YES,9.1,2025-04-17,11:00:00,Elinor Wonders Why,#102,,,
YES,9.1,2025-04-17,11:30:00,Nature Cat,#301,,,
YES,9.1,2025-04-17,12:00:00,Molly of Denali,#118,,,
YES,9.1,2025-04-17,12:30:00,Xavier Riddle and the Secret Museum,#208,,,
YES,9.1,2025-04-17,13:00:00,Sit and Be Fit,#1108,,,
YES,9.1,2025-04-17,13:30:00,Classical Stretch: By Essentrics,#1230,,,
YES,9.1,2025-04-17,14:00:00,Nature,#4312,,,
YES,9.1,2025-04-17,15:00:00,Dynamic Planet,#103,,,
YES,9.1,2025-04-17,16:00:00,Chasing The Tide,#105,,,
YES,9.1,2025-04-17,16:30:00,Chasing The Tide,#106,,,
YES,9.1,2025-04-17,17:00:00,Bbc News America,#1069,,,
YES,9.1,2025-04-17,17:30:00,Bbc News The Context,#1069,,,
YES,9.1,2025-04-17,18:00:00,The Pbs News Hour,#14709,,,
YES,9.1,2025-04-17,19:00:00,On The Record,#813,,,
YES,9.1,2025-04-17,19:30:00,Texas Talk,#405,,,
YES,9.1,2025-04-17,20:00:00,Sister Boniface Mysteries,#107,,,
YES,9.1,2025-04-17,21:00:00,Father Brown,#198,,,
YES,9.1,2025-04-17,22:00:00,Velvet,#116,,,
YES,9.1,2025-04-17,23:30:00,Amanpour and Company,#7209,,,
YES,9.1,2025-04-18,00:30:00,Chasing The Tide,#105,,,
YES,9.1,2025-04-18,01:00:00,Chasing The Tide,#106,,,
YES,9.1,2025-04-18,01:30:00,Daytripper,#1506,,,
YES,9.1,2025-04-18,02:00:00,The Future of Nature,#104,,,
YES,9.1,2025-04-18,03:00:00,Nature,#4312,,,
YES,9.1,2025-04-18,04:00:00,Nova,#5208,,,
YES,9.1,2025-04-18,05:00:00,Happy Yoga with Sarah Starr,#503,,,
YES,9.1,2025-04-18,05:30:00,Classical Stretch: By Essentrics,#1301,,,
YES,9.1,2025-04-18,06:00:00,Cyberchase,#1508,,,
YES,9.1,2025-04-18,06:30:00,Wild Kratts,#601,,,
YES,9.1,2025-04-18,07:00:00,Lyla in the Loop,#106,,,
YES,9.1,2025-04-18,07:30:00,Carl The Collector,#107,,,
YES,9.1,2025-04-18,08:00:00,Daniel Tiger's Neighborhood,#614,,,
YES,9.1,2025-04-18,08:30:00,Rosie's Rules,#138,,,
YES,9.1,2025-04-18,09:00:00,Sesame Street,#5432,,,
YES,9.1,2025-04-18,09:30:00,Work It Out Wombats!,#101,,,
YES,9.1,2025-04-18,10:00:00,Donkey Hodie,#222,,,
YES,9.1,2025-04-18,10:30:00,Pinkalicious & Peterrific,#310,,,
YES,9.1,2025-04-18,11:00:00,Elinor Wonders Why,#101,,,
YES,9.1,2025-04-18,11:30:00,Nature Cat,#407,,,
YES,9.1,2025-04-18,12:00:00,Molly of Denali,#210,,,
YES,9.1,2025-04-18,12:30:00,Xavier Riddle and the Secret Museum,#134,,,
YES,9.1,2025-04-18,13:00:00,Sit and Be Fit,#1109,,,
YES,9.1,2025-04-18,13:30:00,Classical Stretch: By Essentrics,#1301,,,
YES,9.1,2025-04-18,14:00:00,Nova,#5208,,,
YES,9.1,2025-04-18,15:00:00,Rivers of Life,#201,,,
YES,9.1,2025-04-18,16:00:00,The Future of Nature,#104,,,
YES,9.1,2025-04-18,17:00:00,Bbc News America,#1070,,,
YES,9.1,2025-04-18,17:30:00,Bbc News The Context,#1070,,,
YES,9.1,2025-04-18,18:00:00,The Pbs News Hour,#14710,,,
YES,9.1,2025-04-18,19:00:00,Washington Week with the Atlantic,#6442,,,
YES,9.1,2025-04-18,19:30:00,Firing Line with Margaret Hoover,#842,,,
YES,9.1,2025-04-18,20:00:00,Great Performances,#5204,,,
YES,9.1,2025-04-18,21:00:00,Great Performances,#4711,,,
YES,9.1,2025-04-18,22:00:00,Austin City Limits,#5008,,,
YES,9.1,2025-04-18,23:00:00,Amanpour and Company,#7210,,,
YES,9.1,2025-04-19,00:00:00,Great Performances,#5204,,,
YES,9.1,2025-04-19,01:00:00,Great Performances,#4711,,,
YES,9.1,2025-04-19,02:00:00,La Frontera with Pati Jinich,#101,,,
YES,9.1,2025-04-19,03:00:00,La Frontera with Pati Jinich,#102,,,
YES,9.1,2025-04-19,04:00:00,On The Record,#813,,,
YES,9.1,2025-04-19,04:30:00,Texas Talk,#405,,,
YES,9.1,2025-04-19,05:00:00,Happy Yoga with Sarah Starr,#504,,,
YES,9.1,2025-04-19,05:30:00,Classical Stretch: By Essentrics,#1302,,,
YES,9.1,2025-04-19,06:00:00,Wild Kratts,#714,,,
YES,9.1,2025-04-19,06:30:00,Alma's Way,#215,,,
YES,9.1,2025-04-19,07:00:00,Lyla in the Loop,#102,,,
YES,9.1,2025-04-19,07:30:00,Carl The Collector,#118,,,
YES,9.1,2025-04-19,08:00:00,Fons & Porter's Love of Quilting,#4203,,,
YES,9.1,2025-04-19,08:30:00,Fit 2 Stitch,#1313,,,
YES,9.1,2025-04-19,09:00:00,Samantha Brown's Places to Love,#803,,,
YES,9.1,2025-04-19,09:30:00,Daytripper,#1507,,,
YES,9.1,2025-04-19,10:00:00,Rick Steves Poland,#0,,,
YES,9.1,2025-04-19,11:00:00,Christopher Kimball's Milk Street Television,#804,,,
YES,9.1,2025-04-19,11:30:00,Homemade Live!,#202,,,
YES,9.1,2025-04-19,12:00:00,Christina Cooks: Back to the Cutting Board,#301,,,
YES,9.1,2025-04-19,12:30:00,Steven Raichlen's Planet Barbecue,#102,,,
YES,9.1,2025-04-19,13:00:00,This Old House,#4620,,,
YES,9.1,2025-04-19,13:30:00,Ask This Old House,#2320,,,
YES,9.1,2025-04-19,14:00:00,America's Test Kitchen,#2521,,,
YES,9.1,2025-04-19,14:30:00,Cook's Country,#1721,,,
YES,9.1,2025-04-19,15:00:00,Lidia's Kitchen,#1223,,,
YES,9.1,2025-04-19,15:30:00,Pati's Mexican Table,#509,,,
YES,9.1,2025-04-19,16:00:00,Sara's Weeknight Meals,#501,,,
YES,9.1,2025-04-19,16:30:00,Walkin' West,#103,,,
YES,9.1,2025-04-19,17:00:00,Pbs Newshour Weekend,#2283,,,
YES,9.1,2025-04-19,17:30:00,On The Record,#813,,,
YES,9.1,2025-04-19,18:00:00,Voter Guide 2025,#2025,,,
YES,9.1,2025-04-19,18:30:00,Father Brown,#198,,,
YES,9.1,2025-04-19,19:30:00,Keeping Up Appearances - The Memoirs of Hyacinth Bucket,,,,
YES,9.1,2025-04-19,20:00:00,Midsomer Murders,#605,,,
YES,9.1,2025-04-19,21:39:00,Death In Paradise,#158,,,
YES,9.1,2025-04-19,22:33:00,Austin City Limits,#4801,,,
YES,9.1,2025-04-19,23:30:00,My Music with Rhiannon Giddens,#203,,,
YES,9.1,2025-04-20,00:00:00,Nature,#4312,,,
YES,9.1,2025-04-20,01:00:00,Nova,#5208,,,
YES,9.1,2025-04-20,02:00:00,The Future of Nature,#104,,,
YES,9.1,2025-04-20,03:00:00,On The Record,#813,,,
YES,9.1,2025-04-20,03:30:00,Texas Talk,#405,,,
YES,9.1,2025-04-20,04:00:00,Washington Week with the Atlantic,#6442,,,
YES,9.1,2025-04-20,04:30:00,Firing Line with Margaret Hoover,#842,,,
YES,9.1,2025-04-20,05:00:00,Happy Yoga with Sarah Starr,#505,,,
YES,9.1,2025-04-20,05:30:00,Classical Stretch: By Essentrics,#1303,,,
YES,9.1,2025-04-20,06:00:00,Wild Kratts,#601,,,
YES,9.1,2025-04-20,06:30:00,Alma's Way,#132,,,
YES,9.1,2025-04-20,07:00:00,Lyla in the Loop,#104,,,
YES,9.1,2025-04-20,07:30:00,Carl The Collector,#119,,,
YES,9.1,2025-04-20,08:00:00,Daniel Tiger's Neighborhood,#614,,,
YES,9.1,2025-04-20,08:30:00,Rosie's Rules,#138,,,
YES,9.1,2025-04-20,09:00:00,Sesame Street,#5409,,,
YES,9.1,2025-04-20,09:30:00,Work It Out Wombats!,#101,,,
YES,9.1,2025-04-20,10:00:00,Central Texas Gardener,#2910,,,
YES,9.1,2025-04-20,10:30:00,Texas Parks and Wildlife,#3324,,,
YES,9.1,2025-04-20,11:00:00,Overheard with Evan Smith,#1103,,,
YES,9.1,2025-04-20,11:30:00,Washington Week with the Atlantic,#6442,,,
YES,9.1,2025-04-20,12:00:00,Firing Line with Margaret Hoover,#842,,,
YES,9.1,2025-04-20,12:30:00,Consuelo Mack Wealthtrack,#2142,,,
YES,9.1,2025-04-20,13:00:00,On The Record,#813,,,
YES,9.1,2025-04-20,13:30:00,Texas Talk,#405,,,
YES,9.1,2025-04-20,14:00:00,Finding Your Roots,#909,,,
YES,9.1,2025-04-20,15:00:00,Ancient Roads from Christ to Constantine,#103,,,
YES,9.1,2025-04-20,16:00:00,Ancient Roads from Christ to Constantine,#104,,,
YES,9.1,2025-04-20,17:00:00,Pbs Newshour Weekend,#2284,,,
YES,9.1,2025-04-20,17:30:00,Dw Focus On Europe,#4317,,,
YES,9.1,2025-04-20,18:00:00,Sister Boniface Mysteries,#107,,,
YES,9.1,2025-04-20,19:00:00,Call The Midwife,#1404,,,
YES,9.1,2025-04-20,20:00:00,Wolf Hall: The Mirror and the Light On Masterpiece,#5518,,,
YES,9.1,2025-04-20,21:00:00,Marie Antoinette,#205,,,
YES,9.1,2025-04-20,22:00:00,The Paris Murders,#211,,,
YES,9.1,2025-04-20,23:00:00,Death In Paradise,#158,,,
YES,9.1,2025-04-21,00:00:00,Wolf Hall: The Mirror and the Light On Masterpiece,#5518,,,
YES,9.1,2025-04-21,01:00:00,Marie Antoinette,#205,,,
YES,9.1,2025-04-21,02:00:00,Great Performances,#5204,,,
YES,9.1,2025-04-21,03:00:00,Great Performances,#4711,,,
YES,9.1,2025-04-21,04:00:00,Finding Your Roots,#909,,,
YES,9.1,2025-04-21,05:00:00,Happy Yoga with Sarah Starr,#506,,,
YES,9.1,2025-04-21,05:30:00,Classical Stretch: By Essentrics,#1304,,,
YES,9.1,2025-04-21,06:00:00,Cyberchase,#1401,,,
YES,9.1,2025-04-21,06:30:00,Wild Kratts,#220,,,
YES,9.1,2025-04-21,07:00:00,Lyla in the Loop,#105,,,
YES,9.1,2025-04-21,07:30:00,Carl The Collector,#116,,,
YES,9.1,2025-04-21,08:00:00,Daniel Tiger's Neighborhood,#515,,,
YES,9.1,2025-04-21,08:30:00,Rosie's Rules,#104,,,
YES,9.1,2025-04-21,09:00:00,Sesame Street,#5413,,,
YES,9.1,2025-04-21,09:30:00,Work It Out Wombats!,#129,,,
YES,9.1,2025-04-21,10:00:00,Donkey Hodie,#221,,,
YES,9.1,2025-04-21,10:30:00,Pinkalicious & Peterrific,#302,,,
YES,9.1,2025-04-21,11:00:00,Elinor Wonders Why,#215,,,
YES,9.1,2025-04-21,11:30:00,Nature Cat,#509,,,
YES,9.1,2025-04-21,12:00:00,Molly of Denali,#131,,,
YES,9.1,2025-04-21,12:30:00,Xavier Riddle and the Secret Museum,#219,,,
YES,9.1,2025-04-21,13:00:00,Sit and Be Fit,#1110,,,
YES,9.1,2025-04-21,13:30:00,Classical Stretch: By Essentrics,#1304,,,
YES,9.1,2025-04-21,14:00:00,Father Brown,#198,,,
YES,9.1,2025-04-21,15:00:00,Midsomer Murders,#605,,,
YES,9.1,2025-04-21,17:00:00,Bbc News America,#1071,,,
YES,9.1,2025-04-21,17:30:00,Bbc News The Context,#1071,,,
YES,9.1,2025-04-21,18:00:00,The Pbs News Hour,#14711,,,
YES,9.1,2025-04-21,19:00:00,Antiques Roadshow,#2914,,,
YES,9.1,2025-04-21,20:00:00,Antiques Roadshow,#1913,,,
YES,9.1,2025-04-21,21:00:00,Water for Life,#0,,,
YES,9.1,2025-04-21,22:30:00,Thirst for Power,#0,,,
YES,9.1,2025-04-21,23:30:00,Amanpour and Company,#7211,,,
YES,9.1,2025-04-22,00:30:00,Conversations: Mayoral Race 2025,#0,,,
YES,9.1,2025-04-22,01:30:00,Ask This Old House,#1923,,,
YES,9.1,2025-04-22,02:00:00,Call The Midwife,#1404,,,
YES,9.1,2025-04-22,03:00:00,Wolf Hall: The Mirror and the Light On Masterpiece,#5518,,,
YES,9.1,2025-04-22,04:00:00,Marie Antoinette,#205,,,
YES,9.1,2025-04-22,05:00:00,Happy Yoga with Sarah Starr,#507,,,
YES,9.1,2025-04-22,05:30:00,Classical Stretch: By Essentrics,#1305,,,
YES,9.1,2025-04-22,06:00:00,Cyberchase,#1504,,,
YES,9.1,2025-04-22,06:30:00,Wild Kratts,#211,,,
YES,9.1,2025-04-22,07:00:00,Lyla in the Loop,#107,,,
YES,9.1,2025-04-22,07:30:00,Carl The Collector,#110,,,
YES,9.1,2025-04-22,08:00:00,Daniel Tiger's Neighborhood,#216,,,
YES,9.1,2025-04-22,08:30:00,Rosie's Rules,#138,,,
YES,9.1,2025-04-22,09:00:00,Sesame Street,#5418,,,
YES,9.1,2025-04-22,09:30:00,Work It Out Wombats!,#103,,,
YES,9.1,2025-04-22,10:00:00,Donkey Hodie,#225,,,
YES,9.1,2025-04-22,10:30:00,Pinkalicious & Peterrific,#121,,,
YES,9.1,2025-04-22,11:00:00,Elinor Wonders Why,#213,,,
YES,9.1,2025-04-22,11:30:00,Nature Cat,#406,,,
YES,9.1,2025-04-22,12:00:00,Molly of Denali,#120,,,
YES,9.1,2025-04-22,12:30:00,Xavier Riddle and the Secret Museum,#209,,,
YES,9.1,2025-04-22,13:00:00,Sit and Be Fit,#1201,,,
YES,9.1,2025-04-22,13:30:00,Classical Stretch: By Essentrics,#1305,,,
YES,9.1,2025-04-22,14:00:00,Antiques Roadshow,#2914,,,
YES,9.1,2025-04-22,15:00:00,Antiques Roadshow,#1913,,,
YES,9.1,2025-04-22,16:00:00,Call The Midwife,#1404,,,
YES,9.1,2025-04-22,17:00:00,Bbc News America,#1072,,,
YES,9.1,2025-04-22,17:30:00,Bbc News The Context,#1072,,,
YES,9.1,2025-04-22,18:00:00,The Pbs News Hour,#14712,,,
YES,9.1,2025-04-22,19:00:00,Finding Your Roots,#910,,,
YES,9.1,2025-04-22,20:00:00,"Simon Schama: The Holocaust, 80 Years On",#0,,,
YES,9.1,2025-04-22,21:00:00,Frontline,#4315,,,
YES,9.1,2025-04-22,22:00:00,Conversations: Mayoral Race 2025,#0,,,
YES,9.1,2025-04-22,23:00:00,Amanpour and Company,#7212,,,
YES,9.1,2025-04-23,00:00:00,"Simon Schama: The Holocaust, 80 Years On",#0,,,
YES,9.1,2025-04-23,01:00:00,Frontline,#4315,,,
YES,9.1,2025-04-23,02:00:00,Water for Life,#0,,,
YES,9.1,2025-04-23,03:30:00,Ask This Old House,#1924,,,
YES,9.1,2025-04-23,04:00:00,Antiques Roadshow,#1913,,,
YES,9.1,2025-04-23,05:00:00,Happy Yoga with Sarah Starr,#508,,,
YES,9.1,2025-04-23,05:30:00,Classical Stretch: By Essentrics,#1306,,,
YES,9.1,2025-04-23,06:00:00,Cyberchase,#1206,,,
YES,9.1,2025-04-23,06:30:00,Wild Kratts,#711,,,
YES,9.1,2025-04-23,07:00:00,Lyla in the Loop,#116,,,
YES,9.1,2025-04-23,07:30:00,Carl The Collector,#117,,,
YES,9.1,2025-04-23,08:00:00,Daniel Tiger's Neighborhood,#613,,,
YES,9.1,2025-04-23,08:30:00,Rosie's Rules,#103,,,
YES,9.1,2025-04-23,09:00:00,Sesame Street,#5407,,,
YES,9.1,2025-04-23,09:30:00,Work It Out Wombats!,#139,,,
YES,9.1,2025-04-23,10:00:00,Donkey Hodie,#224,,,
YES,9.1,2025-04-23,10:30:00,Pinkalicious & Peterrific,#605,,,
YES,9.1,2025-04-23,11:00:00,Elinor Wonders Why,#214,,,
YES,9.1,2025-04-23,11:30:00,Nature Cat,#503,,,
YES,9.1,2025-04-23,12:00:00,Wild Kratts,#0,,,
YES,9.1,2025-04-23,13:00:00,Sit and Be Fit,#1202,,,
YES,9.1,2025-04-23,13:30:00,Classical Stretch: By Essentrics,#1306,,,
YES,9.1,2025-04-23,14:00:00,Finding Your Roots,#910,,,
YES,9.1,2025-04-23,15:00:00,"Simon Schama: The Holocaust, 80 Years On",#0,,,
YES,9.1,2025-04-23,16:00:00,The Jewish Journey: America,#0,,,
YES,9.1,2025-04-23,17:00:00,Bbc News America,#1073,,,
YES,9.1,2025-04-23,17:30:00,Bbc News The Context,#1073,,,
YES,9.1,2025-04-23,18:00:00,The Pbs News Hour,#14713,,,
YES,9.1,2025-04-23,19:00:00,Nature,#4006,,,
YES,9.1,2025-04-23,20:00:00,Nova,#4901,,,
YES,9.1,2025-04-23,21:00:00,Changing Planet,#401,,,
YES,9.1,2025-04-23,22:00:00,Changing Planet,#301,,,
YES,9.1,2025-04-23,23:00:00,Amanpour and Company,#7213,,,
YES,9.1,2025-04-24,00:00:00,Nova,#4901,,,
YES,9.1,2025-04-24,01:00:00,Changing Planet,#401,,,
YES,9.1,2025-04-24,02:00:00,10 Towns That Changed America,#0,,,
YES,9.1,2025-04-24,03:00:00,"Simon Schama: The Holocaust, 80 Years On",#0,,,
YES,9.1,2025-04-24,04:00:00,Finding Your Roots,#910,,,
YES,9.1,2025-04-24,05:00:00,Happy Yoga with Sarah Starr,#509,,,
YES,9.1,2025-04-24,05:30:00,Classical Stretch: By Essentrics,#1307,,,
YES,9.1,2025-04-24,06:00:00,Cyberchase,#1110,,,
YES,9.1,2025-04-24,06:30:00,Wild Kratts,#221,,,
YES,9.1,2025-04-24,07:00:00,Lyla in the Loop,#109,,,
YES,9.1,2025-04-24,07:30:00,Carl The Collector,#112,,,
YES,9.1,2025-04-24,08:00:00,Daniel Tiger's Neighborhood,#711,,,
YES,9.1,2025-04-24,08:30:00,Rosie's Rules,#134,,,
YES,9.1,2025-04-24,09:00:00,Sesame Street,#5429,,,
YES,9.1,2025-04-24,09:30:00,Work It Out Wombats!,#122,,,
YES,9.1,2025-04-24,10:00:00,Donkey Hodie,#136,,,
YES,9.1,2025-04-24,10:30:00,Pinkalicious & Peterrific,#124,,,
YES,9.1,2025-04-24,11:00:00,Elinor Wonders Why,#216,,,
YES,9.1,2025-04-24,11:30:00,Nature Cat,#410,,,
YES,9.1,2025-04-24,12:00:00,Molly of Denali,#407,,,
YES,9.1,2025-04-24,12:30:00,Xavier Riddle and the Secret Museum,#207,,,
YES,9.1,2025-04-24,13:00:00,Sit and Be Fit,#1203,,,
YES,9.1,2025-04-24,13:30:00,Classical Stretch: By Essentrics,#1307,,,
YES,9.1,2025-04-24,14:00:00,Nature,#4006,,,
YES,9.1,2025-04-24,15:00:00,Dynamic Planet,#104,,,
YES,9.1,2025-04-24,16:00:00,Made In Texas,#106,,,
YES,9.1,2025-04-24,17:00:00,Bbc News America,#1074,,,
YES,9.1,2025-04-24,17:30:00,Bbc News The Context,#1074,,,
YES,9.1,2025-04-24,18:00:00,The Pbs News Hour,#14714,,,
YES,9.1,2025-04-24,19:00:00,On The Record,#814,,,
YES,9.1,2025-04-24,19:30:00,¡Salud! Celebrating San Antonio's Latina Leaders,#404,,,
YES,9.1,2025-04-24,20:00:00,Sister Boniface Mysteries,#108,,,
YES,9.1,2025-04-24,21:00:00,Father Brown,#199,,,
YES,9.1,2025-04-24,22:00:00,Grantchester On Masterpiece,#5438,,,
YES,9.1,2025-04-24,23:00:00,Amanpour and Company,#7214,,,
YES,9.1,2025-04-25,00:00:00,Changing Planet,#301,,,
YES,9.1,2025-04-25,01:00:00,Daytripper,#1507,,,
YES,9.1,2025-04-25,01:30:00,This Old House,#4621,,,
YES,9.1,2025-04-25,02:00:00,Changing Planet,#401,,,
YES,9.1,2025-04-25,03:00:00,Nature,#4006,,,
YES,9.1,2025-04-25,04:00:00,Nova,#4901,,,
YES,9.1,2025-04-25,05:00:00,Happy Yoga with Sarah Starr,#510,,,
YES,9.1,2025-04-25,05:30:00,Classical Stretch: By Essentrics,#1308,,,
YES,9.1,2025-04-25,06:00:00,Cyberchase,#1306,,,
YES,9.1,2025-04-25,06:30:00,Wild Kratts,#120,,,
YES,9.1,2025-04-25,07:00:00,Lyla in the Loop,#108,,,
YES,9.1,2025-04-25,07:30:00,Carl The Collector,#111,,,
YES,9.1,2025-04-25,08:00:00,Daniel Tiger's Neighborhood,#212,,,
YES,9.1,2025-04-25,08:30:00,Rosie's Rules,#137,,,
YES,9.1,2025-04-25,09:00:00,Sesame Street,#5413,,,
YES,9.1,2025-04-25,09:30:00,Work It Out Wombats!,#102,,,
YES,9.1,2025-04-25,10:00:00,Donkey Hodie,#124,,,
YES,9.1,2025-04-25,10:30:00,Nature Cat: The Nature-Tastic Four Movie,#0,,,
YES,9.1,2025-04-25,11:30:00,Nature Cat,#506,,,
YES,9.1,2025-04-25,12:00:00,Molly of Denali,#309,,,
YES,9.1,2025-04-25,12:30:00,Xavier Riddle and the Secret Museum,#103,,,
YES,9.1,2025-04-25,13:00:00,Sit and Be Fit,#1204,,,
YES,9.1,2025-04-25,13:30:00,Classical Stretch: By Essentrics,#1308,,,
YES,9.1,2025-04-25,14:00:00,Nova,#4901,,,
YES,9.1,2025-04-25,15:00:00,Rivers of Life,#202,,,
YES,9.1,2025-04-25,16:00:00,Changing Planet,#401,,,
YES,9.1,2025-04-25,17:00:00,Bbc News America,#1075,,,
YES,9.1,2025-04-25,17:30:00,Bbc News The Context,#1075,,,
YES,9.1,2025-04-25,18:00:00,The Pbs News Hour,#14715,,,
YES,9.1,2025-04-25,19:00:00,Washington Week with the Atlantic,#6443,,,
YES,9.1,2025-04-25,19:30:00,Firing Line with Margaret Hoover,#843,,,
YES,9.1,2025-04-25,20:00:00,South Texas Jazz Project,#0,,,
YES,9.1,2025-04-25,21:00:00,International Jazz Day from Morocco,#0,,,
YES,9.1,2025-04-25,22:00:00,Great Performances,#5205,,,
YES,9.1,2025-04-25,23:00:00,Amanpour and Company,#7215,,,
YES,9.1,2025-04-26,00:00:00,Great Performances,#5205,,,
YES,9.1,2025-04-26,01:00:00,International Jazz Day from Morocco,#0,,,
YES,9.1,2025-04-26,02:00:00,La Frontera with Pati Jinich,#201,,,
YES,9.1,2025-04-26,03:00:00,La Frontera with Pati Jinich,#202,,,
YES,9.1,2025-04-26,04:00:00,On The Record,#814,,,
YES,9.1,2025-04-26,04:30:00,¡Salud! Celebrating San Antonio's Latina Leaders,#404,,,
YES,9.1,2025-04-26,05:00:00,Happy Yoga with Sarah Starr,#601,,,
YES,9.1,2025-04-26,05:30:00,Classical Stretch: By Essentrics,#1309,,,
YES,9.1,2025-04-26,06:00:00,Wild Kratts,#221,,,
YES,9.1,2025-04-26,06:30:00,Alma's Way,#133,,,
YES,9.1,2025-04-26,07:00:00,Lyla in the Loop,#107,,,
YES,9.1,2025-04-26,07:30:00,Carl The Collector,#110,,,
YES,9.1,2025-04-26,08:00:00,Fons & Porter's Love of Quilting,#4204,,,
YES,9.1,2025-04-26,08:30:00,Fit 2 Stitch,#1301,,,
YES,9.1,2025-04-26,09:00:00,Samantha Brown's Places to Love,#804,,,
YES,9.1,2025-04-26,09:30:00,Daytripper,#1508,,,
YES,9.1,2025-04-26,10:00:00,Outside: Beyond The Lens,#301,,,
YES,9.1,2025-04-26,10:30:00,Rick Steves' Europe,#1209,,,
YES,9.1,2025-04-26,11:00:00,Christopher Kimball's Milk Street Television,#805,,,
YES,9.1,2025-04-26,11:30:00,Homemade Live!,#203,,,
YES,9.1,2025-04-26,12:00:00,Christina Cooks: Back to the Cutting Board,#302,,,
YES,9.1,2025-04-26,12:30:00,Steven Raichlen's Planet Barbecue,#103,,,
YES,9.1,2025-04-26,13:00:00,This Old House,#4621,,,
YES,9.1,2025-04-26,13:30:00,Ask This Old House,#2321,,,
YES,9.1,2025-04-26,14:00:00,America's Test Kitchen,#2522,,,
YES,9.1,2025-04-26,14:30:00,Cook's Country,#1722,,,
YES,9.1,2025-04-26,15:00:00,Lidia's Kitchen,#1224,,,
YES,9.1,2025-04-26,15:30:00,Pati's Mexican Table,#510,,,
YES,9.1,2025-04-26,16:00:00,Sara's Weeknight Meals,#502,,,
YES,9.1,2025-04-26,16:30:00,Walkin' West,#104,,,
YES,9.1,2025-04-26,17:00:00,Pbs Newshour Weekend,#2285,,,
YES,9.1,2025-04-26,17:30:00,On The Record,#814,,,
YES,9.1,2025-04-26,18:00:00,Voter Guide 2025,#2025,,,
YES,9.1,2025-04-26,18:30:00,Father Brown,#199,,,
YES,9.1,2025-04-26,19:30:00,Keeping Up Appearances - The Memoirs of Hyacinth Bucket,,,,
YES,9.1,2025-04-26,20:00:00,Midsomer Murders,#607,,,
YES,9.1,2025-04-26,21:39:00,Death In Paradise,#159,,,
YES,9.1,2025-04-26,22:33:00,Austin City Limits,#4913,,,
YES,9.1,2025-04-26,23:30:00,My Music with Rhiannon Giddens,#204,,,
YES,9.1,2025-04-27,00:00:00,South Texas Jazz Project,#0,,,
YES,9.1,2025-04-27,01:00:00,Nova,#4901,,,
YES,9.1,2025-04-27,02:00:00,Changing Planet,#401,,,
YES,9.1,2025-04-27,03:00:00,On The Record,#814,,,
YES,9.1,2025-04-27,03:30:00,Voter Guide 2025,#2025,,,
YES,9.1,2025-04-27,04:00:00,Washington Week with the Atlantic,#6443,,,
YES,9.1,2025-04-27,04:30:00,Firing Line with Margaret Hoover,#843,,,
YES,9.1,2025-04-27,05:00:00,Happy Yoga with Sarah Starr,#602,,,
YES,9.1,2025-04-27,05:30:00,Classical Stretch: By Essentrics,#1310,,,
YES,9.1,2025-04-27,06:00:00,Wild Kratts,#120,,,
YES,9.1,2025-04-27,06:30:00,Alma's Way,#124,,,
YES,9.1,2025-04-27,07:00:00,Lyla in the Loop,#109,,,
YES,9.1,2025-04-27,07:30:00,Carl The Collector,#117,,,
YES,9.1,2025-04-27,08:00:00,Daniel Tiger's Neighborhood,#212,,,
YES,9.1,2025-04-27,08:30:00,Rosie's Rules,#137,,,
YES,9.1,2025-04-27,09:00:00,Sesame Street,#5405,,,
YES,9.1,2025-04-27,09:30:00,Work It Out Wombats!,#102,,,
YES,9.1,2025-04-27,10:00:00,Central Texas Gardener,#2911,,,
YES,9.1,2025-04-27,10:30:00,Texas Parks and Wildlife,#3325,,,
YES,9.1,2025-04-27,11:00:00,Overheard with Evan Smith,#1104,,,
YES,9.1,2025-04-27,11:30:00,Washington Week with the Atlantic,#6443,,,
YES,9.1,2025-04-27,12:00:00,Firing Line with Margaret Hoover,#843,,,
YES,9.1,2025-04-27,12:30:00,Consuelo Mack Wealthtrack,#2143,,,
YES,9.1,2025-04-27,13:00:00,On The Record,#814,,,
YES,9.1,2025-04-27,13:30:00,Voter Guide 2025,#2025,,,
YES,9.1,2025-04-27,14:00:00,Finding Your Roots,#910,,,
YES,9.1,2025-04-27,15:00:00,Ancient Roads from Christ to Constantine,#105,,,
YES,9.1,2025-04-27,16:00:00,Ancient Roads from Christ to Constantine,#106,,,
YES,9.1,2025-04-27,17:00:00,Pbs Newshour Weekend,#2286,,,
YES,9.1,2025-04-27,17:30:00,Dw Focus On Europe,#4318,,,
YES,9.1,2025-04-27,18:00:00,Sister Boniface Mysteries,#108,,,
YES,9.1,2025-04-27,19:00:00,Call The Midwife,#1405,,,
YES,9.1,2025-04-27,20:00:00,Wolf Hall: The Mirror and the Light On Masterpiece,#5519,,,
YES,9.1,2025-04-27,21:00:00,Marie Antoinette,#206,,,
YES,9.1,2025-04-27,22:00:00,The Paris Murders,#212,,,
YES,9.1,2025-04-27,23:00:00,Death In Paradise,#159,,,
YES,9.1,2025-04-28,00:00:00,Wolf Hall: The Mirror and the Light On Masterpiece,#5519,,,
YES,9.1,2025-04-28,01:00:00,Marie Antoinette,#206,,,
YES,9.1,2025-04-28,02:00:00,Great Performances,#5205,,,
YES,9.1,2025-04-28,03:00:00,International Jazz Day from Morocco,#0,,,
YES,9.1,2025-04-28,04:00:00,Finding Your Roots,#910,,,
YES,9.1,2025-04-28,05:00:00,Happy Yoga with Sarah Starr,#603,,,
YES,9.1,2025-04-28,05:30:00,Classical Stretch: By Essentrics,#1311,,,
YES,9.1,2025-04-28,06:00:00,Cyberchase,#1106,,,
YES,9.1,2025-04-28,06:30:00,Wild Kratts,#222,,,
YES,9.1,2025-04-28,07:00:00,Lyla in the Loop,#123,,,
YES,9.1,2025-04-28,07:30:00,Carl The Collector,#113,,,
YES,9.1,2025-04-28,08:00:00,Daniel Tiger's Neighborhood,#612,,,
YES,9.1,2025-04-28,08:30:00,Rosie's Rules,#139,,,
YES,9.1,2025-04-28,09:00:00,Sesame Street,#5428,,,
YES,9.1,2025-04-28,09:30:00,Work It Out Wombats!,#134,,,
YES,9.1,2025-04-28,10:00:00,Donkey Hodie,#135,,,
YES,9.1,2025-04-28,10:30:00,Pinkalicious & Peterrific,#303,,,
YES,9.1,2025-04-28,11:00:00,Elinor Wonders Why,#213,,,
YES,9.1,2025-04-28,11:30:00,Nature Cat,#502,,,
YES,9.1,2025-04-28,12:00:00,Molly of Denali,#412,,,
YES,9.1,2025-04-28,12:30:00,Xavier Riddle and the Secret Museum,#221,,,
YES,9.1,2025-04-28,13:00:00,Sit and Be Fit,#1205,,,
YES,9.1,2025-04-28,13:30:00,Classical Stretch: By Essentrics,#1311,,,
YES,9.1,2025-04-28,14:00:00,Father Brown,#199,,,
YES,9.1,2025-04-28,15:00:00,Midsomer Murders,#607,,,
YES,9.1,2025-04-28,17:00:00,Bbc News America,#1076,,,
YES,9.1,2025-04-28,17:30:00,Bbc News The Context,#1076,,,
YES,9.1,2025-04-28,18:00:00,The Pbs News Hour,#14716,,,
YES,9.1,2025-04-28,19:00:00,Antiques Roadshow,#2915,,,
YES,9.1,2025-04-28,20:00:00,Antiques Roadshow,#1914,,,
YES,9.1,2025-04-28,21:00:00,Conversations: Mayoral Race 2025,#0,,,
YES,9.1,2025-04-28,22:00:00,Pov,#3714,,,
YES,9.1,2025-04-28,23:30:00,Amanpour and Company,#7216,,,
YES,9.1,2025-04-29,00:30:00,Antiques Roadshow,#1914,,,
YES,9.1,2025-04-29,01:30:00,Ask This Old House,#1602,,,
YES,9.1,2025-04-29,02:00:00,Call The Midwife,#1405,,,
YES,9.1,2025-04-29,03:00:00,Wolf Hall: The Mirror and the Light On Masterpiece,#5519,,,
YES,9.1,2025-04-29,04:00:00,Marie Antoinette,#206,,,
YES,9.1,2025-04-29,05:00:00,Happy Yoga with Sarah Starr,#604,,,
YES,9.1,2025-04-29,05:30:00,Classical Stretch: By Essentrics,#1312,,,
YES,9.1,2025-04-29,06:00:00,Cyberchase,#1307,,,
YES,9.1,2025-04-29,06:30:00,Wild Kratts,#714,,,
YES,9.1,2025-04-29,07:00:00,Lyla in the Loop,#124,,,
YES,9.1,2025-04-29,07:30:00,Carl The Collector,#115,,,
YES,9.1,2025-04-29,08:00:00,Daniel Tiger's Neighborhood,#311,,,
YES,9.1,2025-04-29,08:30:00,Rosie's Rules,#116,,,
YES,9.1,2025-04-29,09:00:00,Sesame Street,#5405,,,
YES,9.1,2025-04-29,09:30:00,Work It Out Wombats!,#125,,,
YES,9.1,2025-04-29,10:00:00,Donkey Hodie,#222,,,
YES,9.1,2025-04-29,10:30:00,Pinkalicious & Peterrific,#122,,,
YES,9.1,2025-04-29,11:00:00,Elinor Wonders Why,#214,,,
YES,9.1,2025-04-29,11:30:00,Nature Cat,#504,,,
YES,9.1,2025-04-29,12:00:00,Molly of Denali,#119,,,
YES,9.1,2025-04-29,12:30:00,Xavier Riddle and the Secret Museum,#104,,,
YES,9.1,2025-04-29,13:00:00,Sit and Be Fit,#1206,,,
YES,9.1,2025-04-29,13:30:00,Classical Stretch: By Essentrics,#1312,,,
YES,9.1,2025-04-29,14:00:00,Antiques Roadshow,#2915,,,
YES,9.1,2025-04-29,15:00:00,Antiques Roadshow,#1914,,,
YES,9.1,2025-04-29,16:00:00,Call The Midwife,#1405,,,
YES,9.1,2025-04-29,17:00:00,Bbc News America,#1077,,,
YES,9.1,2025-04-29,17:30:00,Bbc News The Context,#1077,,,
YES,9.1,2025-04-29,18:00:00,The Pbs News Hour,#14717,,,
YES,9.1,2025-04-29,19:00:00,Finding Your Roots,#1002,,,
YES,9.1,2025-04-29,20:00:00,Pati Jinich Explores Panamericana,#101,,,
YES,9.1,2025-04-29,21:00:00,Independent Lens,#2616,,,
YES,9.1,2025-04-29,22:30:00,Tell Me More with Kelly Corrigan,#610,,,
YES,9.1,2025-04-29,23:00:00,Amanpour and Company,#7217,,,
YES,9.1,2025-04-30,00:00:00,Firing Line with Margaret Hoover,#843,,,
YES,9.1,2025-04-30,00:30:00,Pati Jinich Explores Panamericana,#101,,,
YES,9.1,2025-04-30,01:30:00,Independent Lens,#2616,,,
YES,9.1,2025-04-30,03:00:00,Pov,#3714,,,
YES,9.1,2025-04-30,04:30:00,Ask This Old House,#1603,,,
YES,9.1,2025-04-30,05:00:00,Happy Yoga with Sarah Starr,#605,,,
YES,9.1,2025-04-30,05:30:00,Classical Stretch: By Essentrics,#1313,,,
YES,9.1,2025-04-30,06:00:00,Cyberchase,#1108,,,
YES,9.1,2025-04-30,06:30:00,Wild Kratts,#223,,,
YES,9.1,2025-04-30,07:00:00,Lyla in the Loop,#117,,,
YES,9.1,2025-04-30,07:30:00,Carl The Collector,#101,,,
YES,9.1,2025-04-30,08:00:00,Daniel Tiger's Neighborhood,#611,,,
YES,9.1,2025-04-30,08:30:00,Rosie's Rules,#140,,,
YES,9.1,2025-04-30,09:00:00,Sesame Street,#5429,,,
YES,9.1,2025-04-30,09:30:00,Work It Out Wombats!,#131,,,
YES,9.1,2025-04-30,10:00:00,Donkey Hodie,#134,,,
YES,9.1,2025-04-30,10:30:00,Pinkalicious & Peterrific,#606,,,
YES,9.1,2025-04-30,11:00:00,Elinor Wonders Why,#215,,,
YES,9.1,2025-04-30,11:30:00,Nature Cat,#501,,,
YES,9.1,2025-04-30,12:00:00,Molly of Denali,#406,,,
YES,9.1,2025-04-30,12:30:00,Xavier Riddle and the Secret Museum,#223,,,
YES,9.1,2025-04-30,13:00:00,Sit and Be Fit,#1207,,,
YES,9.1,2025-04-30,13:30:00,Classical Stretch: By Essentrics,#1313,,,
YES,9.1,2025-04-30,14:00:00,Finding Your Roots,#1002,,,
YES,9.1,2025-04-30,15:00:00,Pati Jinich Explores Panamericana,#101,,,
YES,9.1,2025-04-30,16:00:00,Conversations: Mayoral Race 2025,#0,,,
YES,9.1,2025-04-30,17:00:00,Bbc News America,#1078,,,
YES,9.1,2025-04-30,17:30:00,Bbc News The Context,#1078,,,
YES,9.1,2025-04-30,18:00:00,The Pbs News Hour,#14718,,,
YES,9.1,2025-04-30,19:00:00,Nature,#4108,,,
YES,9.1,2025-04-30,20:00:00,Nova,#5209,,,
YES,9.1,2025-04-30,22:00:00,South Texas Jazz Project,#0,,,
YES,9.1,2025-04-30,23:00:00,Amanpour and Company,#7218,,,
YES,9.1,2025-05-01,00:00:00,Nova,#5209,,,
YES,9.1,2025-05-01,02:00:00,Antiques Roadshow,#1914,,,
YES,9.1,2025-05-01,03:00:00,Pati Jinich Explores Panamericana,#101,,,
YES,9.1,2025-05-01,04:00:00,Finding Your Roots,#1002,,,
YES,9.1,2025-05-01,05:00:00,Happy Yoga with Sarah Starr,#606,,,
YES,9.1,2025-05-01,05:30:00,Classical Stretch: By Essentrics,#1314,,,
YES,9.1,2025-05-01,06:00:00,Cyberchase,#1501,,,
YES,9.1,2025-05-01,06:30:00,Wild Kratts,#604,,,
YES,9.1,2025-05-01,07:00:00,Acoustic Rooster and His Barnyard Band,#0,,,
YES,9.1,2025-05-01,08:00:00,Daniel Tiger's Neighborhood,#317,,,
YES,9.1,2025-05-01,08:30:00,Rosie's Rules,#107,,,
YES,9.1,2025-05-01,09:00:00,Sesame Street,#5428,,,
YES,9.1,2025-05-01,09:30:00,Work It Out Wombats!,#135,,,
YES,9.1,2025-05-01,10:00:00,Donkey Hodie,#115,,,
YES,9.1,2025-05-01,10:30:00,Pinkalicious & Peterrific,#128,,,
YES,9.1,2025-05-01,11:00:00,Elinor Wonders Why,#208,,,
YES,9.1,2025-05-01,11:30:00,Nature Cat,#505,,,
YES,9.1,2025-05-01,12:00:00,Molly of Denali,#419,,,
YES,9.1,2025-05-01,12:30:00,Xavier Riddle and the Secret Museum,#108,,,
YES,9.1,2025-05-01,13:00:00,Sit and Be Fit,#1208,,,
YES,9.1,2025-05-01,13:30:00,Classical Stretch: By Essentrics,#1314,,,
YES,9.1,2025-05-01,14:00:00,Nature,#4108,,,
YES,9.1,2025-05-01,15:00:00,Epic Train Journeys from Above,#102,,,
YES,9.1,2025-05-01,16:00:00,"Spy in the Ocean, A Nature Miniseries",#101,,,
YES,9.1,2025-05-01,17:00:00,Bbc News America,#1079,,,
YES,9.1,2025-05-01,17:30:00,Bbc News The Context,#1079,,,
YES,9.1,2025-05-01,18:00:00,The Pbs News Hour,#14719,,,
YES,9.1,2025-05-01,19:00:00,On The Record,#815,,,
YES,9.1,2025-05-01,19:30:00,¡Salud! Celebrating San Antonio's Latina Leaders,#405,,,
YES,9.1,2025-05-01,20:00:00,Sister Boniface Mysteries,#109,,,
YES,9.1,2025-05-01,21:00:00,Father Brown,#200,,,
YES,9.1,2025-05-01,22:00:00,Grantchester On Masterpiece,#5439,,,
YES,9.1,2025-05-01,23:00:00,Amanpour and Company,#7219,,,
YES,9.1,2025-05-02,00:00:00,Independent Lens,#2616,,,
YES,9.1,2025-05-02,01:30:00,Ask This Old House,#1605,,,
YES,9.1,2025-05-02,02:00:00,Nature,#4108,,,
YES,9.1,2025-05-02,03:00:00,Nova,#5209,,,
YES,9.1,2025-05-02,05:00:00,Happy Yoga with Sarah Starr,#607,,,
YES,9.1,2025-05-02,05:30:00,Classical Stretch: By Essentrics,#1315,,,
YES,9.1,2025-05-02,06:00:00,Cyberchase,#1505,,,
YES,9.1,2025-05-02,06:30:00,Wild Kratts,#608,,,
YES,9.1,2025-05-02,07:00:00,Lyla in the Loop,#126,,,
YES,9.1,2025-05-02,07:30:00,Carl The Collector,#118,,,
YES,9.1,2025-05-02,08:00:00,Daniel Tiger's Neighborhood,#316,,,
YES,9.1,2025-05-02,08:30:00,Rosie's Rules,#117,,,
YES,9.1,2025-05-02,09:00:00,Sesame Street,#5409,,,
YES,9.1,2025-05-02,09:30:00,Work It Out Wombats!,#116,,,
YES,9.1,2025-05-02,10:00:00,Donkey Hodie,#208,,,
YES,9.1,2025-05-02,10:30:00,Pinkalicious & Peterrific,#201,,,
YES,9.1,2025-05-02,11:00:00,Elinor Wonders Why,#137,,,
YES,9.1,2025-05-02,11:30:00,Nature Cat,#405,,,
YES,9.1,2025-05-02,12:00:00,Molly of Denali,#306,,,
YES,9.1,2025-05-02,12:30:00,Xavier Riddle and the Secret Museum,#210,,,
YES,9.1,2025-05-02,13:00:00,Sit and Be Fit,#1209,,,
YES,9.1,2025-05-02,13:30:00,Classical Stretch: By Essentrics,#1315,,,
YES,9.1,2025-05-02,14:00:00,Nova,#5209,,,
YES,9.1,2025-05-02,17:00:00,Bbc News America,#1080,,,
YES,9.1,2025-05-02,17:30:00,Bbc News The Context,#1080,,,
YES,9.1,2025-05-02,18:00:00,The Pbs News Hour,#14720,,,
YES,9.1,2025-05-02,19:00:00,Washington Week with the Atlantic,#6444,,,
YES,9.1,2025-05-02,19:30:00,Firing Line with Margaret Hoover,#844,,,
YES,9.1,2025-05-02,20:00:00,Great Performances,#5206,,,
YES,9.1,2025-05-02,21:00:00,Lang Lang - Favourite Melodies,#0,,,
YES,9.1,2025-05-02,22:00:00,Austin City Limits,#4910,,,
YES,9.1,2025-05-02,23:00:00,Amanpour and Company,#7220,,,
YES,9.1,2025-05-03,00:00:00,Great Performances,#5206,,,
YES,9.1,2025-05-03,01:00:00,Lang Lang - Favourite Melodies,#0,,,
YES,9.1,2025-05-03,02:00:00,Wild Metropolis,#101,,,
YES,9.1,2025-05-03,03:00:00,Wild Metropolis,#102,,,
YES,9.1,2025-05-03,04:00:00,On The Record,#815,,,
YES,9.1,2025-05-03,04:30:00,¡Salud! Celebrating San Antonio's Latina Leaders,#405,,,
YES,9.1,2025-05-03,05:00:00,Happy Yoga with Sarah Starr,#608,,,
YES,9.1,2025-05-03,05:30:00,Classical Stretch: By Essentrics,#1316,,,
YES,9.1,2025-05-03,06:00:00,Wild Kratts,#604,,,
YES,9.1,2025-05-03,06:30:00,Alma's Way,#125,,,
YES,9.1,2025-05-03,07:00:00,Lyla in the Loop,#123,,,
YES,9.1,2025-05-03,07:30:00,Carl The Collector,#113,,,
YES,9.1,2025-05-03,08:00:00,Fons & Porter's Love of Quilting,#4405,,,
YES,9.1,2025-05-03,08:30:00,Fit 2 Stitch,#1302,,,
YES,9.1,2025-05-03,09:00:00,Samantha Brown's Places to Love,#805,,,
YES,9.1,2025-05-03,09:30:00,Daytripper,#1509,,,
YES,9.1,2025-05-03,10:00:00,Rick Steves' Europe: A Symphonic Journey,#0,,,
YES,9.1,2025-05-03,11:00:00,Christopher Kimball's Milk Street Television,#806,,,
YES,9.1,2025-05-03,11:30:00,Homemade Live!,#204,,,
YES,9.1,2025-05-03,12:00:00,Christina Cooks: Back to the Cutting Board,#303,,,
YES,9.1,2025-05-03,12:30:00,Steven Raichlen's Planet Barbecue,#104,,,
YES,9.1,2025-05-03,13:00:00,This Old House,#4622,,,
YES,9.1,2025-05-03,13:30:00,Ask This Old House,#2322,,,
YES,9.1,2025-05-03,14:00:00,America's Test Kitchen,#2523,,,
YES,9.1,2025-05-03,14:30:00,Cook's Country,#1723,,,
YES,9.1,2025-05-03,15:00:00,Lidia's Kitchen,#1220,,,
YES,9.1,2025-05-03,15:30:00,Pati's Mexican Table,#511,,,
YES,9.1,2025-05-03,16:00:00,Sara's Weeknight Meals,#503,,,
YES,9.1,2025-05-03,16:30:00,Walkin' West,#201,,,
YES,9.1,2025-05-03,17:00:00,Pbs Newshour Weekend,#2287,,,
YES,9.1,2025-05-03,17:30:00,On The Record,#815,,,
YES,9.1,2025-05-03,18:00:00,Father Brown,#200,,,
YES,9.1,2025-05-03,19:00:00,Keeping Up Appearances - The Memoirs of Hyacinth Bucket,,,,
YES,9.1,2025-05-03,19:30:00,Keeping Up Appearances - The Memoirs of Hyacinth Bucket,,,,
YES,9.1,2025-05-03,20:00:00,Midsomer Murders,#609,,,
YES,9.1,2025-05-03,21:39:00,Death In Paradise,#160,,,
YES,9.1,2025-05-03,22:32:00,Acl 10th Annual Hall of Fame Honors Garth Brooks,#0,,,
YES,9.1,2025-05-03,23:30:00,My Music with Rhiannon Giddens,#301,,,
