Channel,Date,Start Time,Program Name,Nola Episode,Description
2025-04-11_9.1,2025-04-11,06:30:00,Wild Kratts,#404,Pangolin Rescue
2025-04-11_9.1,2025-04-11,07:00:00,Lyla in the Loop,#122,Uh-Oh!; The Puddle
2025-04-11_9.1,2025-04-11,07:30:00,Carl the Collector,#115,Rhythm Blues; Giving Up The Ship
2025-04-11_9.1,2025-04-11,08:00:00,Daniel Tiger's Neighborhood,#618,Juan Carlos Visits the Neighborhood; Daniel Shows Juan Carlos the Clock
2025-04-11_9.1,2025-04-11,08:30:00,Rosie's Rules,#102,Family Sports Day; The Cake-Off
2025-04-11_9.1,2025-04-11,09:00:00,Sesame Street,#5417,The Kitty Sitters
2025-04-11_9.1,2025-04-11,09:30:00,Work It Out Wombats!,#37,Tricky Tricky Taiko Drum; Toy Swap Flop
2025-04-11_9.1,2025-04-11,10:00:00,Donkey Hodie,#213,Thankful Donkey; The Penguin Diner-rama
2025-04-11_9.1,2025-04-11,10:30:00,Pinkalicious & Peterrific,#309,Pirate Dreamboat; Peter's Megaphone
2025-04-11_9.1,2025-04-11,11:00:00,Elinor Wonders Why,#136,The Little Drummer; Rest Is Best
2025-04-11_9.1,2025-04-11,11:30:00,Nature Cat,#408,Make Room for Daddy Longlegs; Outerspace Detectives
2025-04-11_9.1,2025-04-11,12:00:00,Molly of Denali,#116,Tooth or Consequences; Qyah Spy
2025-04-11_9.1,2025-04-11,12:30:00,Xavier Riddle and The Secret Museum,#204,I am Ruth Bader Ginsburg
2025-04-11_9.1,2025-04-11,13:00:00,Sit and Be Fit,#1104,Strengthen Brain Processing Areas
2025-04-11_9.1,2025-04-11,13:30:00,Classical Stretch,#1224,Upper Body Pain Relief
2025-04-11_9.1,2025-04-11,14:00:00,NOVA,#5207,Revolutionary War Weapons
2025-04-11_9.1,2025-04-11,15:00:00,Hope in the Water,#103,Changing The Menu
2025-04-11_9.1,2025-04-11,16:00:00,The Future of Nature,#103,Forests
2025-04-11_9.1,2025-04-11,17:00:00,BBC News America,#1065,
2025-04-11_9.1,2025-04-11,17:30:00,BBC News The Context,#1065,
2025-04-11_9.1,2025-04-11,18:00:00,The PBS News Hour,#14705,
2025-04-11_9.1,2025-04-11,19:00:00,Washington Week with The Atlantic,#6441,
2025-04-11_9.1,2025-04-11,19:30:00,Firing Line with Margaret Hoover,#841,"Ross Douthat, New York Times columnist"
2025-04-11_9.1,2025-04-11,20:00:00,Great Performances,#5203,Now Hear This: Chopin's Polish Heart
2025-04-11_9.1,2025-04-11,21:00:00,Great Performances,#5111,The Magic of Nureyev
2025-04-11_9.1,2025-04-11,22:00:00,Austin City Limits,#5007,Wynonna
2025-04-11_9.1,2025-04-11,23:00:00,Amanpour and Company,#7205,
2025-04-11_9.1,2025-04-12,00:00:00,Great Performances,#5203,Now Hear This: Chopin's Polish Heart
2025-04-11_9.1,2025-04-12,01:00:00,Great Performances,#5111,The Magic of Nureyev
2025-04-11_9.1,2025-04-12,02:00:00,Magical Land of Oz,#101,The Land
2025-04-11_9.1,2025-04-12,03:00:00,Magical Land of Oz,#102,Ocean
2025-04-11_9.1,2025-04-12,04:00:00,On the Record,#812,
2025-04-11_9.1,2025-04-12,04:30:00,Salud! Celebrating San Antonio's Latina Leaders,#403,
2025-04-11_9.1,2025-04-12,05:00:00,Happy Yoga with Sarah Starr,#409,Sunlit Woods
2025-04-11_9.1,2025-04-12,05:30:00,Classical Stretch,#1225,Balance
2025-04-11_9.1,2025-04-12,07:00:00,Lyla in the Loop,#114,When Luke Became Stu; Secret Surprise Party
2025-04-11_9.1,2025-04-12,07:30:00,Carl the Collector,#117,The Lost Yo-Yo; Rainy Day
2025-04-11_9.1,2025-04-12,08:00:00,Fons & Porter's Love of Quilting,#4202,Mostly North
2025-04-11_9.1,2025-04-12,08:30:00,Fit 2 Stitch,#1312,Accessories By Diana Broussard
2025-04-11_9.1,2025-04-12,09:00:00,Samantha Brown's Places to Love,#802,"New Orleans, Louisiana"
2025-04-11_9.1,2025-04-12,09:30:00,The Daytripper,#1506,Bulverde
2025-04-11_9.1,2025-04-12,10:00:00,Outside Beyond the Lens,#110,Switzerland
2025-04-11_9.1,2025-04-12,10:30:00,Rick Steves' Europe,#1207,Art of the Florentine Renaissance
2025-04-11_9.1,2025-04-12,11:00:00,Christopher Kimball's Milk Street Television,#803,Vegetables for Meat Lovers
2025-04-11_9.1,2025-04-12,11:30:00,Homemade Live!,#201,Weeknight Dinners
2025-04-11_9.1,2025-04-12,12:00:00,Christina Cooks: Back to the Cutting Board,#213,It's The Food Silly
2025-04-11_9.1,2025-04-12,12:30:00,Steven Raichlens Planet Barbeque,#101,Argentine Fire
2025-04-11_9.1,2025-04-12,13:00:00,This Old House,#4619,Westford: Heavy Metal
2025-04-11_9.1,2025-04-12,13:30:00,Ask This Old House,#2319,"Retaining Wall, Mini Split Upkeep"
2025-04-11_9.1,2025-04-12,14:00:00,America's Test Kitchen from Cook's Illustrated,#2520,
2025-04-11_9.1,2025-04-12,14:30:00,Cook's Country from America's Test Kitchen,#1720,Crescent City Comforts
2025-04-11_9.1,2025-04-12,15:00:00,Lidia's Kitchen,#1222,Think Seasonally
2025-04-11_9.1,2025-04-12,15:30:00,Pati's Mexican Table,#508,Valladolid - A Day to Explore
2025-04-11_9.1,2025-04-12,16:00:00,Sara's Weeknight Meals,#1310,A Tale of Two Chinatowns
2025-04-11_9.1,2025-04-12,16:30:00,Walkin' West,#102,Yosemite (Chilnualna Falls-Mariposa Grove)
2025-04-11_9.1,2025-04-12,17:00:00,PBS NewsHour Weekend,#2281,
2025-04-11_9.1,2025-04-12,17:30:00,On the Record,#812,
2025-04-11_9.1,2025-04-12,18:00:00,Father Brown,#907,The Island of Dreams
2025-04-11_9.1,2025-04-12,19:00:00,Keeping Up Appearances,#202,Driving Ms. Fortescue
2025-04-11_9.1,2025-04-12,19:30:00,Keeping Up Appearances,#203,The Candlelight Supper
2025-04-11_9.1,2025-04-12,20:00:00,Midsomer Murders,#603,", 604 Death and Dreams, Part 1"
2025-04-11_9.1,2025-04-12,21:41:00,Death in Paradise,#801,Murder on the Honore Express
2025-04-11_9.1,2025-04-12,22:33:00,Austin City Limits,#5008,Juanes
2025-04-11_9.1,2025-04-12,23:30:00,My Music with Rhiannon Giddens,#202,
2025-04-11_9.1,2025-04-13,00:00:00,Nature,#4311,Katavi: Africa's Fallen Paradise: Purgatory
2025-04-11_9.1,2025-04-13,01:00:00,NOVA,#5207,Revolutionary War Weapons
2025-04-11_9.1,2025-04-13,02:00:00,The Future of Nature,#103,Forests
2025-04-11_9.1,2025-04-13,03:00:00,On the Record,#812,
2025-04-11_9.1,2025-04-13,03:30:00,Voter Guide 2025,,
2025-04-11_9.1,2025-04-13,04:00:00,Washington Week with The Atlantic,#6441,
2025-04-11_9.1,2025-04-13,04:30:00,Firing Line with Margaret Hoover,#841,"Ross Douthat, New York Times columnist"
2025-04-11_9.1,2025-04-13,05:00:00,Happy Yoga with Sarah Starr,#410,Summer Sunflower Sunset
2025-04-11_9.1,2025-04-13,05:30:00,Classical Stretch,#1226,Stomach Flattening
2025-04-11_9.1,2025-04-13,06:00:00,Wild Kratts,#404,Pangolin Rescue
2025-04-11_9.1,2025-04-13,06:30:00,Alma's Way,#209,Uncle Nestor's Bumpy Ride; Grocery Goof
2025-04-11_9.1,2025-04-13,07:00:00,Lyla in the Loop,#119,2 on 2 Plus Stu; The Stu-Mobile
2025-04-11_9.1,2025-04-13,07:30:00,Carl the Collector,#116,The Artifact Collection; Mothership Day
2025-04-11_9.1,2025-04-13,08:00:00,Daniel Tiger's Neighborhood,#618,Juan Carlos Visits the Neighborhood; Daniel Shows Juan Carlos the Clock
2025-04-11_9.1,2025-04-13,08:30:00,Rosie's Rules,#102,Family Sports Day; The Cake-Off
2025-04-11_9.1,2025-04-13,09:00:00,Sesame Street,#5425,Shabbat Shalom!
2025-04-11_9.1,2025-04-13,09:30:00,Work It Out Wombats!,#37,Tricky Tricky Taiko Drum; Toy Swap Flop
2025-04-11_9.1,2025-04-13,10:00:00,Central Texas Gardener,#2909,Garden Success with Less Water In Drought
2025-04-11_9.1,2025-04-13,10:30:00,Texas Parks & Wildlife,#3323,
2025-04-11_9.1,2025-04-13,11:00:00,Overheard with Evan Smith,#1102,"Katie Benner, reporter at the New York Times"
2025-04-11_9.1,2025-04-13,11:30:00,Washington Week with The Atlantic,#6441,
2025-04-11_9.1,2025-04-13,12:00:00,Firing Line with Margaret Hoover,#841,"Ross Douthat, New York Times columnist"
2025-04-11_9.1,2025-04-13,12:30:00,Consuelo Mack Wealth Track,#2141,
2025-04-11_9.1,2025-04-13,13:00:00,On the Record,#812,
2025-04-11_9.1,2025-04-13,13:30:00,Voter Guide 2025,,
2025-04-11_9.1,2025-04-13,14:00:00,Finding Your Roots,#1110,Finding My Roots
2025-04-11_9.1,2025-04-13,15:00:00,Ancient Roads From Christ to Constantine,#101,Birth of Faith
2025-04-11_9.1,2025-04-13,16:00:00,Ancient Roads From Christ to Constantine,#102,The Great Missionary
2025-04-11_9.1,2025-04-13,17:00:00,PBS NewsHour Weekend,#2282,
2025-04-11_9.1,2025-04-13,17:30:00,DW Focus on Europe,#4316,
2025-04-11_9.1,2025-04-13,18:00:00,Sister Boniface Mysteries,#106,Song for the Dead
2025-04-11_9.1,2025-04-13,19:00:00,Call the Midwife,#1403,Episode 3
2025-04-11_9.1,2025-04-13,20:00:00,Wolf Hall,#5517,Jenneke
2025-04-11_9.1,2025-04-13,21:00:00,Marie Antoinette,#204,The Pursuit of Happiness
2025-04-11_9.1,2025-04-13,22:00:00,The Paris Murders,#210,Until the Break of Dawn
2025-04-11_9.1,2025-04-13,23:00:00,Death in Paradise,#801,Murder on the Honore Express
2025-04-11_9.1,2025-04-14,00:00:00,Wolf Hall,#5517,Jenneke
2025-04-11_9.1,2025-04-14,01:00:00,Marie Antoinette,#204,The Pursuit of Happiness
2025-04-11_9.1,2025-04-14,02:00:00,Great Performances,#5203,Now Hear This: Chopin's Polish Heart
2025-04-11_9.1,2025-04-14,03:00:00,Great Performances,#5111,The Magic of Nureyev
2025-04-11_9.1,2025-04-14,04:00:00,Finding Your Roots,#1110,Finding My Roots
2025-04-11_9.1,2025-04-14,05:00:00,Happy Yoga with Sarah Starr,#411,Serene River Falls
2025-04-11_9.1,2025-04-14,05:30:00,Classical Stretch,#1227,Shoulder Strengthening
2025-04-11_9.1,2025-04-14,06:00:00,Cyberchase,#1309,Traffic Trouble
2025-04-11_9.1,2025-04-14,06:30:00,Wild Kratts,#711,Mini Heroes & Mighty Mouths
2025-04-11_9.1,2025-04-14,07:00:00,Lyla in the Loop,#103,Every Sand-Which Way; Growing Up
2025-04-11_9.1,2025-04-14,07:30:00,Carl the Collector,#118,Twin Sister Hamster Sitters Incorporated; The Sneaker Collection
2025-04-11_9.1,2025-04-14,08:00:00,Daniel Tiger's Neighborhood,#514,Daniel Meets a New Friend; A New Friend at the Clock Factory
2025-04-11_9.1,2025-04-14,08:30:00,Rosie's Rules,#128,Neighborhood Market Day; Rosie and Javi's Slime Store
2025-04-11_9.1,2025-04-14,09:00:00,Sesame Street,#5432,"Roar, it's a Dinosaur"
2025-04-11_9.1,2025-04-14,09:30:00,Work It Out Wombats!,#38,Survey Says; Lost and Found Patrol
2025-04-11_9.1,2025-04-14,10:00:00,Donkey Hodie,#222,Hee-Hee Hider Seekers; The Great Wait
2025-04-11_9.1,2025-04-14,10:30:00,Pinkalicious & Peterrific,#301,Butterfly Garden Party/Animal Dance
2025-04-11_9.1,2025-04-14,11:00:00,Elinor Wonders Why,#103,The Science of Staying Warm; The Seed of an Idea
2025-04-11_9.1,2025-04-14,11:30:00,Nature Cat,#302,Freezin' in the Summer Season; Total Eclipse of the Sun
2025-04-11_9.1,2025-04-14,12:00:00,Molly of Denali,#121,Mollyball; Visit Qyah
2025-04-11_9.1,2025-04-14,12:30:00,Xavier Riddle and The Secret Museum,#132,I am Edmund Hillary; I am Celia Cruz
2025-04-11_9.1,2025-04-14,13:00:00,Sit and Be Fit,#1105,Perceptual Motor Fitness
2025-04-11_9.1,2025-04-14,13:30:00,Classical Stretch,#1227,Shoulder Strengthening
2025-04-11_9.1,2025-04-14,14:00:00,Father Brown,#907,The Island of Dreams
2025-04-11_9.1,2025-04-14,15:00:00,Midsomer Murders,#603,", 604 Death and Dreams, Part 1"
2025-04-11_9.1,2025-04-14,17:00:00,BBC News America,#1066,
2025-04-11_9.1,2025-04-14,17:30:00,BBC News The Context,#1066,
2025-04-11_9.1,2025-04-14,18:00:00,The PBS News Hour,#14706,
2025-04-11_9.1,2025-04-14,19:00:00,Antiques Roadshow,#2913,Maryland Zoo Hour 1
2025-04-11_9.1,2025-04-14,20:00:00,Antiques Roadshow,#1912,"Birmingham, Hour 3"
2025-04-11_9.1,2025-04-14,21:00:00,The Corridors of Power,,
2025-04-11_9.1,2025-04-14,23:00:00,Amanpour and Company,#7206,
2025-04-11_9.1,2025-04-15,00:00:00,The Corridors of Power,,
2025-04-11_9.1,2025-04-15,02:00:00,Call the Midwife,#1403,Episode 3
2025-04-11_9.1,2025-04-15,03:00:00,Wolf Hall,#5517,Jenneke
2025-04-11_9.1,2025-04-15,04:00:00,Marie Antoinette,#204,The Pursuit of Happiness
2025-04-11_9.1,2025-04-15,05:00:00,Happy Yoga with Sarah Starr,#412,Desert Sunset
2025-04-11_9.1,2025-04-15,05:30:00,Classical Stretch,#1228,Full Leg Toning
2025-04-11_9.1,2025-04-15,06:00:00,Cyberchase,#1403,"Weather or Not, Part 1"
2025-04-11_9.1,2025-04-15,06:30:00,Wild Kratts,#217,Road Runner
2025-04-11_9.1,2025-04-15,07:00:00,Lyla in the Loop,#102,The Mystery Puzzle; The Stu Express
2025-04-11_9.1,2025-04-15,07:30:00,Carl the Collector,#108,Lemons!; The Butterfly Collection
2025-04-11_9.1,2025-04-15,08:00:00,Daniel Tiger's Neighborhood,#209,Daniel Can't Ride Trolley; Daniel Can't Get What He Wants
2025-04-11_9.1,2025-04-15,08:30:00,Rosie's Rules,#106,Dino Day Delayed; Rosie's Walkie Talkie
2025-04-11_9.1,2025-04-15,09:00:00,Sesame Street,#5423,The Sign Language ABCs
2025-04-11_9.1,2025-04-15,09:30:00,Work It Out Wombats!,#131,Zadie to the Rescue; Cake Mistake
2025-04-11_9.1,2025-04-15,10:00:00,Donkey Hodie,#221,Meemaw Heehaw's Recipe Mystery; Extra-Large
2025-04-11_9.1,2025-04-15,10:30:00,Pinkalicious & Peterrific,#120,Dream Salon; The Duck Stops Here
2025-04-11_9.1,2025-04-15,11:00:00,Wild Kratts,,
2025-04-11_9.1,2025-04-15,12:00:00,Molly of Denali,#117,Turn on the Northern Lights; Fiddlesticks
2025-04-11_9.1,2025-04-15,12:30:00,Xavier Riddle and The Secret Museum,#206,I am Hedy Lamarr; I am Archimedes
2025-04-11_9.1,2025-04-15,13:00:00,Sit and Be Fit,#1106,Balance for Body and Brain
2025-04-11_9.1,2025-04-15,13:30:00,Classical Stretch,#1228,Full Leg Toning
2025-04-11_9.1,2025-04-15,14:00:00,Antiques Roadshow,#2913,Maryland Zoo Hour 1
2025-04-11_9.1,2025-04-15,15:00:00,Antiques Roadshow,#1912,"Birmingham, Hour 3"
2025-04-11_9.1,2025-04-15,16:00:00,Call the Midwife,#1403,Episode 3
2025-04-11_9.1,2025-04-15,17:00:00,BBC News America,#1067,
2025-04-11_9.1,2025-04-15,17:30:00,BBC News The Context,#1067,
2025-04-11_9.1,2025-04-15,18:00:00,The PBS News Hour,#14707,
2025-04-11_9.1,2025-04-15,19:00:00,Finding Your Roots,#909,Anchormen
2025-04-11_9.1,2025-04-15,20:00:00,Thirst for Power,,
2025-04-11_9.1,2025-04-15,21:00:00,Conversations: Mayoral Race 2025,,
2025-04-11_9.1,2025-04-15,22:00:00,Defying the Nazis: The Sharps' War,,
2025-04-11_9.1,2025-04-15,23:30:00,Amanpour and Company,#7207,
2025-04-11_9.1,2025-04-16,00:30:00,Finding Your Roots,#909,Anchormen
2025-04-11_9.1,2025-04-16,01:30:00,Finding Your Roots,#907,Chosen
2025-04-11_9.1,2025-04-16,02:30:00,American Masters,#3608,Art Spiegelman: Disaster is My Muse
2025-04-11_9.1,2025-04-16,04:30:00,Antiques Roadshow,#1912,"Birmingham, Hour 3"
2025-04-11_9.1,2025-04-16,05:30:00,Classical Stretch,#1229,Body Shaping
2025-04-11_9.1,2025-04-16,06:00:00,Cyberchase,#1404,"Weather or Not, Part 2"
2025-04-11_9.1,2025-04-16,06:30:00,Wild Kratts,#218,Rocket Jaw: Rescuer of the Reef
2025-04-11_9.1,2025-04-16,07:00:00,Lyla in the Loop,#101,Piece of Cake; Kibbles and Coins
2025-04-11_9.1,2025-04-16,07:30:00,Carl the Collector,#119,The Gratitude Collection; The Pet Rock Collection
2025-04-11_9.1,2025-04-16,08:00:00,Daniel Tiger's Neighborhood,#210,A Storm in the Neighborhood; After the Neighborhood Storm
2025-04-11_9.1,2025-04-16,08:30:00,Rosie's Rules,#122,The Great Robot Picnic; Rosie's Car Wash
2025-04-11_9.1,2025-04-16,09:00:00,Sesame Street,#5425,Shabbat Shalom!
2025-04-11_9.1,2025-04-16,09:30:00,Work It Out Wombats!,#123,A Room of Our Own; Zeke's Fairy Village
2025-04-11_9.1,2025-04-16,10:00:00,Donkey Hodie,#225,Quick Quack Pack; Find A Way To Fix It
2025-04-11_9.1,2025-04-16,10:30:00,Pinkalicious & Peterrific,#604,Fairy Button Exchange; Pink Pong Program
2025-04-11_9.1,2025-04-16,11:00:00,Elinor Wonders Why,#122,Frozen Fish; Pirate Treasure
2025-04-11_9.1,2025-04-16,11:30:00,Nature Cat,#409,Saving Seeds; Onward and Mossward
2025-04-11_9.1,2025-04-16,12:00:00,Molly of Denali,#211,Fili-bascan Chefs; Ladybug Sleepover
2025-04-11_9.1,2025-04-16,12:30:00,Xavier Riddle and The Secret Museum,#133,I am Rukmini Devi; I am Bob Ross
2025-04-11_9.1,2025-04-16,13:00:00,Sit and Be Fit,#1107,Coordination Exercises for Safe Driving
2025-04-11_9.1,2025-04-16,13:30:00,Classical Stretch,#1229,Body Shaping
2025-04-11_9.1,2025-04-16,14:00:00,Finding Your Roots,#909,Anchormen
2025-04-11_9.1,2025-04-16,15:00:00,Terence Blanchard In Dallas,,
2025-04-11_9.1,2025-04-16,16:00:00,Bird: Not Out of Nowhere,,
2025-04-11_9.1,2025-04-16,17:00:00,BBC News America,#1068,
2025-04-11_9.1,2025-04-16,17:30:00,BBC News The Context,#1068,
2025-04-11_9.1,2025-04-16,18:00:00,The PBS News Hour,#14708,
2025-04-11_9.1,2025-04-16,19:00:00,Nature,#4312,Katavi: Africa's Fallen Paradise: Salvation
2025-04-11_9.1,2025-04-16,20:00:00,NOVA,#5208,Secrets of the Forest
2025-04-11_9.1,2025-04-16,21:00:00,The Future of Nature,#104,Humans
2025-04-11_9.1,2025-04-16,22:00:00,Chasing the Tide,#105,Our Living Coastline
2025-04-11_9.1,2025-04-16,22:30:00,Chasing the Tide,#106,Mission Critical
2025-04-11_9.1,2025-04-16,23:00:00,Amanpour and Company,#7208,
2025-04-11_9.1,2025-04-17,00:00:00,NOVA,#5208,Secrets of the Forest
2025-04-11_9.1,2025-04-17,01:00:00,The Future of Nature,#104,Humans
2025-04-11_9.1,2025-04-17,02:00:00,The Corridors of Power,,
2025-04-11_9.1,2025-04-17,04:00:00,Finding Your Roots,#909,Anchormen
2025-04-11_9.1,2025-04-17,05:00:00,Happy Yoga with Sarah Starr,#502,Cascading River
2025-04-11_9.1,2025-04-17,05:30:00,Classical Stretch,#1230,Quad Flexibility
2025-04-11_9.1,2025-04-17,06:00:00,Cyberchase,#1211,A Camping Conundrum
2025-04-11_9.1,2025-04-17,06:30:00,Wild Kratts,#714,Moose Nibbles
2025-04-11_9.1,2025-04-17,07:00:00,Lyla in the Loop,#104,Operation Rise and Shine; The Carrot Cake Dance
2025-04-11_9.1,2025-04-17,07:30:00,Carl the Collector,#109,The Magic Trick Collection; Listen Coach
2025-04-11_9.1,2025-04-17,08:00:00,Daniel Tiger's Neighborhood,#617,Daniel and Max Ask to Play; Daniel Asks to Play at the Music Shop
2025-04-11_9.1,2025-04-17,08:30:00,Rosie's Rules,#105,Rosie Rocks Mariachi; Rosie Canta un Corrido
2025-04-11_9.1,2025-04-17,09:00:00,Sesame Street,#5407,Worms Want to Play
2025-04-11_9.1,2025-04-17,09:30:00,Work It Out Wombats!,#118,A Sleep Story for Ellie; Super's Super Mug
2025-04-11_9.1,2025-04-17,10:00:00,Donkey Hodie,#224,A Donkey Hodie Road Trip
2025-04-11_9.1,2025-04-17,10:30:00,Pinkalicious & Peterrific,#125,"Star Light, Star Not So Bright; The Opera-matic"
2025-04-11_9.1,2025-04-17,11:00:00,Elinor Wonders Why,#102,Hiding in Plain Sight; Owl Girl
2025-04-11_9.1,2025-04-17,11:30:00,Nature Cat,#301,Animal Rescue Crew; Nature of Dreams
2025-04-11_9.1,2025-04-17,12:00:00,Molly of Denali,#118,Ice Sculpture; Tale of a Totem
2025-04-11_9.1,2025-04-17,12:30:00,Xavier Riddle and The Secret Museum,#208,I am Alvin Ailey; I am Lucy Maud Montgomery
2025-04-11_9.1,2025-04-17,13:00:00,Sit and Be Fit,#1108,Improve Reaction Time for Safe Driving
2025-04-11_9.1,2025-04-17,13:30:00,Classical Stretch,#1230,Quad Flexibility
2025-04-11_9.1,2025-04-17,14:00:00,Nature,#4312,Katavi: Africa's Fallen Paradise: Salvation
2025-04-11_9.1,2025-04-17,15:00:00,Dynamic Planet,#103,Water
2025-04-11_9.1,2025-04-17,16:00:00,Chasing the Tide,#106,Mission Critical
2025-04-11_9.1,2025-04-17,17:00:00,BBC News America,#1069,
2025-04-11_9.1,2025-04-17,17:30:00,BBC News The Context,#1069,
2025-04-11_9.1,2025-04-17,18:00:00,The PBS News Hour,#14709,
2025-04-11_9.1,2025-04-17,19:00:00,On the Record,#813,
2025-04-11_9.1,2025-04-17,19:30:00,Texas Talk,#405,
2025-04-11_9.1,2025-04-17,20:00:00,Sister Boniface Mysteries,#107,Dem Bones
2025-04-11_9.1,2025-04-17,21:00:00,Father Brown,#908,The Wayward Girls
2025-04-11_9.1,2025-04-17,22:00:00,Velvet,#116,Countdown
2025-04-11_9.1,2025-04-17,23:30:00,Amanpour and Company,#7209,
2025-04-11_9.1,2025-04-18,00:30:00,Chasing the Tide,#105,Our Living Coastline
2025-04-11_9.1,2025-04-18,01:00:00,Chasing the Tide,#106,Mission Critical
2025-04-11_9.1,2025-04-18,01:30:00,The Daytripper,#1506,Bulverde
2025-04-11_9.1,2025-04-18,02:00:00,The Future of Nature,#104,Humans
2025-04-11_9.1,2025-04-18,03:00:00,Nature,#4312,Katavi: Africa's Fallen Paradise: Salvation
2025-04-11_9.1,2025-04-18,04:00:00,NOVA,#5208,Secrets of the Forest
2025-04-11_9.1,2025-04-18,05:00:00,Happy Yoga with Sarah Starr,#503,Lace Meadow
2025-04-11_9.1,2025-04-18,05:30:00,Classical Stretch,#1301,Stretch and Strengthen the Calves with Miranda Esmonde-White
2025-04-11_9.1,2025-04-18,06:00:00,Cyberchase,#1508,The Heat Beneath Your Feet
2025-04-11_9.1,2025-04-18,06:30:00,Wild Kratts,#601,In Search of the Easter Bunny
2025-04-11_9.1,2025-04-18,07:00:00,Lyla in the Loop,#106,Lemonade Champs; Double Dutch Dilemma
2025-04-11_9.1,2025-04-18,07:30:00,Carl the Collector,#107,The Remote Control Collection; The Super Blue Moon Sleepover
2025-04-11_9.1,2025-04-18,08:00:00,Daniel Tiger's Neighborhood,#614,Daniel's Important Job at the Market; Daniel's Important Job at the Enchanted
2025-04-11_9.1,2025-04-18,08:30:00,Rosie's Rules,#138,Rosie the Recycling Kid; Rosie's Mariposa
2025-04-11_9.1,2025-04-18,09:00:00,Sesame Street,#5432,"Roar, it's a Dinosaur"
2025-04-11_9.1,2025-04-18,09:30:00,Work It Out Wombats!,#101,Junior Supers; Measure for Measure
2025-04-11_9.1,2025-04-18,10:00:00,Donkey Hodie,#222,Hee-Hee Hider Seekers; The Great Wait
2025-04-11_9.1,2025-04-18,10:30:00,Pinkalicious & Peterrific,#310,Friendship Bracelets; The Upside Down O Matic
2025-04-11_9.1,2025-04-18,11:00:00,Elinor Wonders Why,#101,The Town Picnic; The Amazing Expanding Clubhouse
2025-04-11_9.1,2025-04-18,11:30:00,Nature Cat,#210,Rights or Wrong; Amazing Animals
2025-04-11_9.1,2025-04-18,12:00:00,Molly of Denali,#210,Heat Wave; It Came From Beyond
2025-04-11_9.1,2025-04-18,12:30:00,Xavier Riddle and The Secret Museum,#134,I am Ibn Battuta; I am Beulah Louise Henry
2025-04-11_9.1,2025-04-18,13:00:00,Sit and Be Fit,#1109,Strengthen Your Brain
2025-04-11_9.1,2025-04-18,13:30:00,Classical Stretch,#1301,Stretch and Strengthen the Calves with Miranda Esmonde-White
2025-04-11_9.1,2025-04-18,14:00:00,NOVA,#5208,Secrets of the Forest
2025-04-11_9.1,2025-04-18,15:00:00,Rivers of Life,#201,Zambezi
2025-04-11_9.1,2025-04-18,16:00:00,The Future of Nature,#104,Humans
2025-04-11_9.1,2025-04-18,17:00:00,BBC News America,#1070,
2025-04-11_9.1,2025-04-18,17:30:00,BBC News The Context,#1070,
2025-04-11_9.1,2025-04-18,18:00:00,The PBS News Hour,#14710,
2025-04-11_9.1,2025-04-18,19:00:00,Washington Week with The Atlantic,#6442,
2025-04-11_9.1,2025-04-18,19:30:00,Firing Line with Margaret Hoover,#842,
2025-04-11_9.1,2025-04-18,20:00:00,Great Performances,#5204,Now Hear This: Boccherini: Night Music
2025-04-11_9.1,2025-04-18,21:00:00,Great Performances,#4711,The Magic of Spirituals
2025-04-11_9.1,2025-04-18,22:00:00,Austin City Limits,#5008,Juanes
2025-04-11_9.1,2025-04-18,23:00:00,Amanpour and Company,#7210,
2025-04-11_9.1,2025-04-19,00:00:00,Great Performances,#5204,Now Hear This: Boccherini: Night Music
2025-04-11_9.1,2025-04-19,01:00:00,Great Performances,#4711,The Magic of Spirituals
2025-04-11_9.1,2025-04-19,02:00:00,La Frontera with Pati Jinich,#101,Miles from Nowhere
2025-04-11_9.1,2025-04-19,03:00:00,LA Frontera with Pati Jinich,#102,From Dos Laredos to Mars
2025-04-11_9.1,2025-04-19,04:00:00,On the Record,#813,
2025-04-11_9.1,2025-04-19,04:30:00,Texas Talk,#405,
2025-04-11_9.1,2025-04-19,05:00:00,Happy Yoga with Sarah Starr,#405,Desert Gold
2025-04-11_9.1,2025-04-19,05:30:00,Classical Stretch,#1302,Ab and Back Strengthening with Miranda Esmonde-White
2025-04-11_9.1,2025-04-19,06:00:00,Wild Kratts,#714,Moose Nibbles
2025-04-11_9.1,2025-04-19,06:30:00,Alma's Way,#215,Museum Day Way; Bronxorama Diorama
2025-04-11_9.1,2025-04-19,07:00:00,Lyla in the Loop,#102,The Mystery Puzzle; The Stu Express
2025-04-11_9.1,2025-04-19,07:30:00,Carl the Collector,#118,Twin Sister Hamster Sitters Incorporated; The Sneaker Collection
2025-04-11_9.1,2025-04-19,08:00:00,Fons & Porter's Love of Quilting,#4203,Sea Glass Star
2025-04-11_9.1,2025-04-19,08:30:00,Fit 2 Stitch,#1313,Days for Girls
2025-04-11_9.1,2025-04-19,09:00:00,Samantha Brown's Places to Love,#803,Samantha's 25th Anniversary Special
2025-04-11_9.1,2025-04-19,09:30:00,The Daytripper,#1507,Plano
2025-04-11_9.1,2025-04-19,10:00:00,Rick Steves Poland,,
2025-04-11_9.1,2025-04-19,11:00:00,Christopher Kimball's Milk Street Television,#804,In Search of Cacio e Pepe
2025-04-11_9.1,2025-04-19,11:30:00,Homemade Live!,#202,Coastal Cooking
2025-04-11_9.1,2025-04-19,12:00:00,Christina Cooks: Back to the Cutting Board,#301,The Macroterranean Way
2025-04-11_9.1,2025-04-19,12:30:00,Steven Raichlens Planet Barbeque,#102,East Meets West
2025-04-11_9.1,2025-04-19,13:00:00,This Old House,#4620,"Westford: Abating the Old, Seeding the New"
2025-04-11_9.1,2025-04-19,13:30:00,Ask This Old House,#2320,Electric Bill Investigation
2025-04-11_9.1,2025-04-19,14:00:00,America's Test Kitchen from Cook's Illustrated,#2521,
2025-04-11_9.1,2025-04-19,14:30:00,Cook's Country from America's Test Kitchen,#1721,Skillet Dinners at the Ready
2025-04-11_9.1,2025-04-19,15:00:00,Lidia's Kitchen,#1223,Take The Time
2025-04-11_9.1,2025-04-19,15:30:00,Pati's Mexican Table,#509,Quintana Roo Classics Made Easy
2025-04-11_9.1,2025-04-19,16:00:00,Sara's Weeknight Meals,#501,Sustainable Surf
2025-04-11_9.1,2025-04-19,16:30:00,Walkin' West,#103,Emigrant Wilderness Hike
2025-04-11_9.1,2025-04-19,17:00:00,The PBS News Hour,#2283,
2025-04-11_9.1,2025-04-19,17:30:00,On the Record,#813,
2025-04-11_9.1,2025-04-19,18:00:00,Voter Guide 2025,,
2025-04-11_9.1,2025-04-19,18:30:00,Father Brown,#908,The Wayward Girls
2025-04-11_9.1,2025-04-19,19:30:00,Keeping Up Appearances,#204,Golfing with the Major
2025-04-11_9.1,2025-04-19,20:00:00,Midsomer Murders,#605,"Painted in Blood, Part 1"
2025-04-11_9.1,2025-04-19,22:00:00,Death in Paradise,#802,Nest of Vipers
2025-04-11_9.1,2025-04-19,23:00:00,Austin City Limits,#4801,Brandi Carlile
2025-04-11_9.1,2025-04-20,00:00:00,Nature,#4312,Katavi: Africa's Fallen Paradise: Salvation
2025-04-11_9.1,2025-04-20,01:00:00,NOVA,#5208,Secrets of the Forest
2025-04-11_9.1,2025-04-20,02:00:00,The Future of Nature,#104,Humans
2025-04-11_9.1,2025-04-20,03:00:00,On the Record,#813,
2025-04-11_9.1,2025-04-20,03:30:00,Texas Talk,#405,
2025-04-11_9.1,2025-04-20,04:00:00,Washington Week with The Atlantic,#6442,
2025-04-11_9.1,2025-04-20,04:30:00,Firing Line with Margaret Hoover,#842,
2025-04-11_9.1,2025-04-20,05:00:00,Happy Yoga with Sarah Starr,#505,Waves
2025-04-11_9.1,2025-04-20,05:30:00,Classical Stretch,#1303,Standing Core Workout with Miranda Esmonde-White
2025-04-11_9.1,2025-04-20,06:00:00,Wild Kratts,#601,In Search of the Easter Bunny
2025-04-11_9.1,2025-04-20,06:30:00,Alma's Way,#137,Harper's Quick Change; All Rapped Up
2025-04-11_9.1,2025-04-20,07:00:00,Lyla in the Loop,#104,Operation Rise and Shine; The Carrot Cake Dance
2025-04-11_9.1,2025-04-20,07:30:00,Carl the Collector,#119,The Gratitude Collection; The Pet Rock Collection
2025-04-11_9.1,2025-04-20,08:00:00,Daniel Tiger's Neighborhood,#614,Daniel's Important Job at the Market; Daniel's Important Job at the Enchanted
2025-04-11_9.1,2025-04-20,08:30:00,Rosie's Rules,#138,Rosie the Recycling Kid; Rosie's Mariposa
2025-04-11_9.1,2025-04-20,09:00:00,Sesame Street,#5409,Are You Ready for School?
2025-04-11_9.1,2025-04-20,09:30:00,Work It Out Wombats!,#101,Junior Supers; Measure for Measure
2025-04-11_9.1,2025-04-20,10:00:00,Central Texas Gardener,#2910,"Homegrown Citrus, Summer Vegetables"
2025-04-11_9.1,2025-04-20,10:30:00,Texas Parks & Wildlife,#3324,
2025-04-11_9.1,2025-04-20,11:30:00,Washington Week with The Atlantic,#6442,
2025-04-11_9.1,2025-04-20,12:00:00,Firing Line with Margaret Hoover,#842,
2025-04-11_9.1,2025-04-20,12:30:00,Consuelo Mack Wealth Track,#2142,
2025-04-11_9.1,2025-04-20,13:00:00,On the Record,#813,
2025-04-11_9.1,2025-04-20,13:30:00,Texas Talk,#405,
2025-04-11_9.1,2025-04-20,14:00:00,Finding Your Roots,#909,Anchormen
2025-04-11_9.1,2025-04-20,15:00:00,Ancient Roads From Christ to Constantine,#103,Age of the Apostles
2025-04-11_9.1,2025-04-20,16:00:00,Ancient Roads From Christ to Constantine,#104,From Apocalypse to Heresies
2025-04-11_9.1,2025-04-20,17:00:00,The PBS News Hour,#2284,
2025-04-11_9.1,2025-04-20,18:00:00,Sister Boniface Mysteries,#107,Dem Bones
2025-04-11_9.1,2025-04-20,19:00:00,Call the Midwife,#1404,Episode 4
2025-04-11_9.1,2025-04-20,20:00:00,Wolf Hall,#5518,Mirror
2025-04-11_9.1,2025-04-20,21:00:00,Marie Antoinette,#205,Enemies Assemble
2025-04-11_9.1,2025-04-20,22:00:00,The Paris Murders,#211,Forever
2025-04-11_9.1,2025-04-20,23:00:00,Death in Paradise,#802,Nest of Vipers
2025-04-11_9.1,2025-04-21,00:00:00,Wolf Hall,#5518,Mirror
2025-04-11_9.1,2025-04-21,01:00:00,Marie Antoinette,#205,Enemies Assemble
2025-04-11_9.1,2025-04-21,02:00:00,Great Performances,#5204,Now Hear This: Boccherini: Night Music
2025-04-11_9.1,2025-04-21,03:00:00,Great Performances,#4711,The Magic of Spirituals
2025-04-11_9.1,2025-04-21,04:00:00,Finding Your Roots,#909,Anchormen
2025-04-11_9.1,2025-04-21,05:00:00,Happy Yoga with Sarah Starr,#506,Bloom
2025-04-11_9.1,2025-04-21,05:30:00,Classical Stretch,#1304,Boost Your Brain with Miranda Esmonde-White
2025-04-11_9.1,2025-04-21,06:00:00,Cyberchase,#1401,Clean-Up on Isle 8
2025-04-11_9.1,2025-04-21,06:30:00,Wild Kratts,#220,Attack of the Tree Eating Aliens
2025-04-11_9.1,2025-04-21,07:00:00,Lyla in the Loop,#105,Carnival for Luke; Rap Report
2025-04-11_9.1,2025-04-21,07:30:00,Carl the Collector,#116,The Artifact Collection; Mothership Day
2025-04-11_9.1,2025-04-21,08:00:00,Daniel Tiger's Neighborhood,#515,Jodi's Asthma; Daniel and Max Play at the Playground
2025-04-11_9.1,2025-04-21,08:30:00,Rosie's Rules,#104,Rosie Maps it Out; Merry-Go-Rosie
2025-04-11_9.1,2025-04-21,09:00:00,Sesame Street,#5413,A Home for Fido
2025-04-11_9.1,2025-04-21,09:30:00,Work It Out Wombats!,#132,Yo-Ho-Ho: A Sandwich for Mr. E; Balloonie for Youie
2025-04-11_9.1,2025-04-21,10:00:00,Donkey Hodie,#221,Meemaw Heehaw's Recipe Mystery; Extra-Large
2025-04-11_9.1,2025-04-21,10:30:00,Pinkalicious & Peterrific,#302,Peter's Portrait/Pink Peepers
2025-04-11_9.1,2025-04-21,11:00:00,Elinor Wonders Why,#215,Adventure in Moose Mountain
2025-04-11_9.1,2025-04-21,11:30:00,Nature Cat,#509,ATV Adventure; Nature Buddy Breakup
2025-04-11_9.1,2025-04-21,12:00:00,Molly of Denali,#131,Spring Carnival; Tooey's Hole-i-Day Sweater
2025-04-11_9.1,2025-04-21,12:30:00,Xavier Riddle and The Secret Museum,#219,I am Kofi Annan; We are William and Caroline Herschel
2025-04-11_9.1,2025-04-21,13:00:00,Sit and Be Fit,#1110,Improving Coordination
2025-04-11_9.1,2025-04-21,13:30:00,Classical Stretch,#1304,Boost Your Brain with Miranda Esmonde-White
2025-04-11_9.1,2025-04-21,14:00:00,Father Brown,#908,The Wayward Girls
2025-04-11_9.1,2025-04-21,15:00:00,Midsomer Murders,#603,"Death and Dreams, Part 1"
2025-04-11_9.1,2025-04-21,17:00:00,BBC News America,#1071,
2025-04-11_9.1,2025-04-21,17:30:00,BBC News The Context,#1071,
2025-04-11_9.1,2025-04-21,18:00:00,The PBS News Hour,#14711,
2025-04-11_9.1,2025-04-21,19:00:00,Antiques Roadshow,#2914,Maryland Zoo Hour 2
2025-04-11_9.1,2025-04-21,20:00:00,Antiques Roadshow,#1913,"Santa Clara, Hour One"
2025-04-11_9.1,2025-04-21,21:00:00,Water for Life,,
2025-04-11_9.1,2025-04-21,22:30:00,Thirst for Power,,
2025-04-11_9.1,2025-04-21,23:30:00,Amanpour and Company,#7211,
2025-04-11_9.1,2025-04-22,00:30:00,Conversations: Mayoral Race 2025,,
2025-04-11_9.1,2025-04-22,01:30:00,Ask This Old House,#1923,"Dishwasher Retrofit, Rolling Pin"
2025-04-11_9.1,2025-04-22,02:00:00,Call the Midwife,#1404,Episode 4
2025-04-11_9.1,2025-04-22,03:00:00,Wolf Hall,#5518,Mirror
2025-04-11_9.1,2025-04-22,04:00:00,Marie Antoinette,#205,Enemies Assemble
2025-04-11_9.1,2025-04-22,05:00:00,Happy Yoga with Sarah Starr,#507,Golden Shoreline
2025-04-11_9.1,2025-04-22,05:30:00,Classical Stretch,#1504,Strengthen Hips & Improve Posture
2025-04-11_9.1,2025-04-22,06:00:00,Cyberchase,#1504,The Domino Dilemma
2025-04-11_9.1,2025-04-22,06:30:00,Wild Kratts,#211,Rainforest Stew
2025-04-11_9.1,2025-04-22,07:00:00,Lyla in the Loop,#107,The Waffle Man; Loopapalooza
2025-04-11_9.1,2025-04-22,07:30:00,Carl the Collector,#110,A Collection to Get Rid Of; The Button Collection
2025-04-11_9.1,2025-04-22,08:00:00,Daniel Tiger's Neighborhood,#216,Daniel Explores Nature; Daniel's Nature Walk
2025-04-11_9.1,2025-04-22,08:30:00,Rosie's Rules,#138,Rosie the Recycling Kid; Rosie's Mariposa
2025-04-11_9.1,2025-04-22,09:00:00,Sesame Street,#5418,Tamir's Water Works
2025-04-11_9.1,2025-04-22,09:30:00,Work It Out Wombats!,#103,Snout and About; Zadie's Shell Shuffle
2025-04-11_9.1,2025-04-22,10:00:00,Donkey Hodie,#225,Quick Quack Pack; Find A Way To Fix It
2025-04-11_9.1,2025-04-22,10:30:00,Pinkalicious & Peterrific,#121,Sidewalk Art; Gnome at Home
2025-04-11_9.1,2025-04-22,11:00:00,Elinor Wonders Why,#213,Circus Tricks; Stuck in the Mud
2025-04-11_9.1,2025-04-22,11:30:00,Nature Cat,#406,The Petrified Wood Mystery; Nature Buddy Clubhouse
2025-04-11_9.1,2025-04-22,12:00:00,Molly of Denali,#120,The Night Manager; Not So Permafrost
2025-04-11_9.1,2025-04-22,12:30:00,Xavier Riddle and The Secret Museum,#209,I am Zelia Nuttall; I am Jules Leotard
2025-04-11_9.1,2025-04-22,13:00:00,Sit and Be Fit,#1201,Core Strengthening
2025-04-11_9.1,2025-04-22,13:30:00,Classical Stretch,#1305,Energy Boosting with Miranda Esmonde-White
2025-04-11_9.1,2025-04-22,14:00:00,Antiques Roadshow,#2914,Maryland Zoo Hour 2
2025-04-11_9.1,2025-04-22,15:00:00,Antiques Roadshow,#1913,"Santa Clara, Hour One"
2025-04-11_9.1,2025-04-22,16:00:00,Call the Midwife,#1404,Episode 4
2025-04-11_9.1,2025-04-22,17:00:00,BBC News America,#1072,
2025-04-11_9.1,2025-04-22,17:30:00,BBC News The Context,#1072,
2025-04-11_9.1,2025-04-22,18:00:00,The PBS News Hour,#14712,
2025-04-11_9.1,2025-04-22,19:00:00,Finding Your Roots,#910,Out of the Past
2025-04-11_9.1,2025-04-22,20:00:00,"Simon Schama: The Holocaust, 80 Years On",,
2025-04-11_9.1,2025-04-22,21:00:00,Frontline,#4315,Alaska's Vanishing Native Villages
2025-04-11_9.1,2025-04-22,22:00:00,Conversations: Mayoral Race 2025,,
2025-04-11_9.1,2025-04-22,23:00:00,Amanpour and Company,#7212,
2025-04-11_9.1,2025-04-23,00:00:00,"Simon Schama: The Holocaust, 80 Years On",,
2025-04-11_9.1,2025-04-23,01:00:00,Frontline,#4315,Alaska's Vanishing Native Villages
2025-04-11_9.1,2025-04-23,02:00:00,Water for Life,,
2025-04-11_9.1,2025-04-23,03:30:00,Ask This Old House,#1924,"Flood Prevention, Deck Hangers"
2025-04-11_9.1,2025-04-23,04:00:00,Antiques Roadshow,#1913,"Santa Clara, Hour One"
2025-04-11_9.1,2025-04-23,05:00:00,Happy Yoga with Sarah Starr,#508,Sunflower Inspiration
2025-04-11_9.1,2025-04-23,05:30:00,Classical Stretch,#1306,Spinal Fascia with Miranda Esmonde-White
2025-04-11_9.1,2025-04-23,06:00:00,Cyberchase,#1206,Water Woes
2025-04-11_9.1,2025-04-23,06:30:00,Wild Kratts,#711,Mini Heroes & Mighty Mouths
2025-04-11_9.1,2025-04-23,07:00:00,Lyla in the Loop,#116,Finding a New Friend; Lyla Bugs Out
2025-04-11_9.1,2025-04-23,07:30:00,Carl the Collector,#117,The Lost Yo-Yo; Rainy Day
2025-04-11_9.1,2025-04-23,08:00:00,Daniel Tiger's Neighborhood,#613,Pizza Day at School: Danile and Jodi Like Different Things
2025-04-11_9.1,2025-04-23,08:30:00,Rosie's Rules,#103,Rosie the Dog Sitter; Chef Rosie
2025-04-11_9.1,2025-04-23,09:00:00,Sesame Street,#5407,Worms Want to Play
2025-04-11_9.1,2025-04-23,09:30:00,Work It Out Wombats!,#39,Ellie's Island; Buckley's Wombatty Playdate
2025-04-11_9.1,2025-04-23,10:00:00,Donkey Hodie,#224,A Donkey Hodie Road Trip
2025-04-11_9.1,2025-04-23,10:30:00,Pinkalicious & Peterrific,#605,Pinkville Rocks; Case of the Giggles
2025-04-11_9.1,2025-04-23,11:00:00,Elinor Wonders Why,#214,Don't Rain on my Parade; Olive Hiccups it Up
2025-04-11_9.1,2025-04-23,11:30:00,Nature Cat,#503,The Parade of Pets; Hal's Pals
2025-04-11_9.1,2025-04-23,12:00:00,Wild Kratts,,
2025-04-11_9.1,2025-04-23,13:00:00,Sit and Be Fit,#1202,Healthy Aging
2025-04-11_9.1,2025-04-23,13:30:00,Classical Stretch,#1306,Spinal Fascia with Miranda Esmonde-White
2025-04-11_9.1,2025-04-23,14:00:00,Finding Your Roots,#910,Out of the Past
2025-04-11_9.1,2025-04-23,15:00:00,"Simon Schama: The Holocaust, 80 Years On",,
2025-04-11_9.1,2025-04-23,16:00:00,The Jewish Journey: America,,
2025-04-11_9.1,2025-04-23,17:00:00,BBC News America,#1073,
2025-04-11_9.1,2025-04-23,17:30:00,BBC News The Context,#1073,
2025-04-11_9.1,2025-04-23,18:00:00,The PBS News Hour,#14713,
2025-04-11_9.1,2025-04-23,19:00:00,Nature,#4006,Penguins: Meet the Family
2025-04-11_9.1,2025-04-23,20:00:00,NOVA,#4901,Arctic Sinkholes
2025-04-11_9.1,2025-04-23,21:00:00,Changing Planet,#401,River Restoration
2025-04-11_9.1,2025-04-23,22:00:00,Changing Planet,#301,Coral Special
2025-04-11_9.1,2025-04-23,23:00:00,Amanpour and Company,#7213,
2025-04-11_9.1,2025-04-24,00:00:00,NOVA,#4901,Arctic Sinkholes
2025-04-11_9.1,2025-04-24,01:00:00,Changing Planet,#401,River Restoration
2025-04-11_9.1,2025-04-24,02:00:00,10 That Changed America,#103,10 Towns that Changed America
2025-04-11_9.1,2025-04-24,03:00:00,"Simon Schama: The Holocaust, 80 Years On",,
2025-04-11_9.1,2025-04-24,04:00:00,Finding Your Roots,#910,Out of the Past
2025-04-11_9.1,2025-04-24,05:00:00,Happy Yoga with Sarah Starr,#509,Waterfall Glen
2025-04-11_9.1,2025-04-24,05:30:00,Classical Stretch,#1307,Strengthen the Feet and Legs with Miranda Esmonde-White
2025-04-11_9.1,2025-04-24,06:00:00,Cyberchase,#1110,Back to Canalia's Future
2025-04-11_9.1,2025-04-24,06:30:00,Wild Kratts,#221,Rattlesnake Crystal
2025-04-11_9.1,2025-04-24,07:00:00,Lyla in the Loop,#109,Un-make a Mess; Hide and Go Stu
2025-04-11_9.1,2025-04-24,07:30:00,Carl the Collector,#112,A Wiggle Waggle Worries; The Pine Cone Collection
2025-04-11_9.1,2025-04-24,08:00:00,Daniel Tiger's Neighborhood,#707,Daniel and Dad Say Sorry; O the Owl Says Sorry
2025-04-11_9.1,2025-04-24,08:30:00,Rosie's Rules,#134,Rosie the Reporter; The Jalapeno Giant
2025-04-11_9.1,2025-04-24,09:00:00,Sesame Street,#5429,Brave Bessie by Brave Gabrielle
2025-04-11_9.1,2025-04-24,09:30:00,Work It Out Wombats!,#117,Color Fun; A Super Invention
2025-04-11_9.1,2025-04-24,10:00:00,Donkey Hodie,#136,Big Nest Bird Party; Pet Elephant Camp
2025-04-11_9.1,2025-04-24,10:30:00,Pinkalicious & Peterrific,#124,Monkey Dance; Royal Peacock Dance
2025-04-11_9.1,2025-04-24,11:00:00,Elinor Wonders Why,#216,Blackout; Tree that Eats Toys
2025-04-11_9.1,2025-04-24,11:30:00,Nature Cat,#410,Outdoor Nature Warrior; Hide and Go Screech
2025-04-11_9.1,2025-04-24,12:00:00,Molly of Denali,#407,"Truth, Trust, and Harvest; Thanks-For-Giving"
2025-04-11_9.1,2025-04-24,12:30:00,Xavier Riddle and The Secret Museum,#207,I am James Braidwood; I am Queen Lili'uokalani
2025-04-11_9.1,2025-04-24,13:00:00,Sit and Be Fit,#1203,Exercise Is Fun
2025-04-11_9.1,2025-04-24,13:30:00,Classical Stretch,#1307,Strengthen the Feet and Legs with Miranda Esmonde-White
2025-04-11_9.1,2025-04-24,14:00:00,Nature,#4006,Penguins: Meet the Family
2025-04-11_9.1,2025-04-24,15:00:00,Dynamic Planet,#104,Earth
2025-04-11_9.1,2025-04-24,16:00:00,Made In Texas,#106,The Stones Are Speaking
2025-04-11_9.1,2025-04-24,17:00:00,BBC News America,#1074,
2025-04-11_9.1,2025-04-24,17:30:00,BBC News The Context,#1074,
2025-04-11_9.1,2025-04-24,18:00:00,The PBS News Hour,#14714,
2025-04-11_9.1,2025-04-24,19:00:00,On the Record,#814,
2025-04-11_9.1,2025-04-24,19:30:00,Salud! Celebrating San Antonio's Latina Leaders,#404,
2025-04-11_9.1,2025-04-24,20:00:00,Sister Boniface Mysteries,#108,Queen of the Kitchen
2025-04-11_9.1,2025-04-24,21:00:00,Father Brown,#909,The Enigma of Antigonish
2025-04-11_9.1,2025-04-24,22:00:00,Masterpiece,#5438,Grantchester
2025-04-11_9.1,2025-04-24,23:00:00,Amanpour and Company,#7214,
2025-04-11_9.1,2025-04-25,00:00:00,Changing Planet,#301,Coral Special
2025-04-11_9.1,2025-04-25,01:00:00,The Daytripper,#1507,Plano
2025-04-11_9.1,2025-04-25,01:30:00,This Old House,#4621,"Westford: Septic, Stairs and Subs"
2025-04-11_9.1,2025-04-25,02:00:00,Changing Planet,#401,River Restoration
2025-04-11_9.1,2025-04-25,03:00:00,Nature,#4006,Penguins: Meet the Family
2025-04-11_9.1,2025-04-25,04:00:00,NOVA,#4901,Arctic Sinkholes
2025-04-11_9.1,2025-04-25,05:00:00,Happy Yoga with Sarah Starr,#510,Sunflower Sunset
2025-04-11_9.1,2025-04-25,05:30:00,Classical Stretch,#1308,Core Workout with Miranda Esmonde-White
2025-04-11_9.2,2025-04-11,06:00:00,Newsroom Tokyo,#25073,
2025-04-11_9.2,2025-04-11,06:27:00,Newsline In Depth,#25073,
2025-04-11_9.2,2025-04-11,06:42:00,Direct Talk,#25073,
2025-04-11_9.2,2025-04-11,07:00:00,America ReFramed,#1003,Sapelo
2025-04-11_9.2,2025-04-11,08:30:00,Walk the Walk,,
2025-04-11_9.2,2025-04-11,09:00:00,Reel South,#1001,36 Seconds: Portrait of a Hate Crime
2025-04-11_9.2,2025-04-11,10:00:00,Justice In Chester,,
2025-04-11_9.2,2025-04-11,10:30:00,Stories from the Stage,#813,Out of the Park
2025-04-11_9.2,2025-04-11,11:00:00,Sit and Be Fit,#1907,Slow Gentle Movements
2025-04-11_9.2,2025-04-11,11:30:00,Classical Stretch,#1524,Hamstring Stretch
2025-04-11_9.2,2025-04-11,12:00:00,Sister Boniface Mysteries,#106,
2025-04-11_9.2,2025-04-11,12:45:00,Filler,,
2025-04-11_9.2,2025-04-11,13:00:00,Father Brown,#197,
2025-04-11_9.2,2025-04-11,13:45:00,Filler,,
2025-04-11_9.2,2025-04-11,14:00:00,Masterpiece,#5145,Grantchester VI
2025-04-11_9.2,2025-04-11,15:00:00,Masterpiece,#5146,Grantchester VI
2025-04-11_9.2,2025-04-11,16:00:00,Austin City Limits,#5007,Wynonna
2025-04-11_9.2,2025-04-11,17:00:00,France 24,#25073,
2025-04-11_9.2,2025-04-11,17:30:00,Newsline,#15205,
2025-04-11_9.2,2025-04-11,18:00:00,Song of the Mountains,#1910,All-Star Bluegrass Celebration
2025-04-11_9.2,2025-04-11,19:00:00,The PBS News Hour,#14705,
2025-04-11_9.2,2025-04-11,20:00:00,Vietnam War,#102,
2025-04-11_9.2,2025-04-11,21:30:00,The Last Ring Home,,
2025-04-11_9.2,2025-04-11,22:00:00,Bloomberg Wall Street Week,#25073,
2025-04-11_9.2,2025-04-11,23:00:00,Greta Thunberg: A Year to Change the World,#101,
2025-04-11_9.2,2025-04-12,00:00:00,Greta Thunberg: A Year to Change the World,#102,
2025-04-11_9.2,2025-04-12,01:00:00,Greta Thunberg: A Year to Change the World,#103,
2025-04-11_9.2,2025-04-12,02:00:00,The PBS News Hour,#14705,
2025-04-11_9.2,2025-04-12,03:00:00,Amanpour and Company,#7205,
2025-04-11_9.2,2025-04-12,04:00:00,AfroPoP: The Ultimate Cultural Exchange Program,#1604,Freedom Hill
2025-04-11_9.2,2025-04-12,05:00:00,The Whitney Reynolds Show,#606,Extreme Survival
2025-04-11_9.2,2025-04-12,05:30:00,Consuelo Mack Wealth Track,#2141,
2025-04-11_9.2,2025-04-12,06:00:00,To the Contrary with Bonnie Erbe,#3404,
2025-04-11_9.2,2025-04-12,06:30:00,Washington Week with The Atlantic,#6441,
2025-04-11_9.2,2025-04-12,07:00:00,Greta Thunberg: A Year to Change the World,#101,
2025-04-11_9.2,2025-04-12,08:00:00,Greta Thunberg: A Year to Change the World,#102,
2025-04-11_9.2,2025-04-12,09:00:00,Greta Thunberg: A Year to Change the World,#103,
2025-04-11_9.2,2025-04-12,10:00:00,Consuelo Mack Wealth Track,#2141,
2025-04-11_9.2,2025-04-12,10:30:00,The Whitney Reynolds Show,#606,Extreme Survival
2025-04-11_9.2,2025-04-12,11:00:00,NOVA,#5207,Revolutionary War Weapons
2025-04-11_9.2,2025-04-12,12:00:00,The Future of Nature,#103,Forests
2025-04-11_9.2,2025-04-12,13:00:00,The Green Planet,#102,Water Worlds
2025-04-11_9.2,2025-04-12,14:00:00,Greta Thunberg: A Year to Change the World,#102,
2025-04-11_9.2,2025-04-12,15:00:00,Greta Thunberg: A Year to Change the World,#103,
2025-04-11_9.2,2025-04-12,16:00:00,American Experience,#3604,Poisoned Ground: The Tragedy at Love Canal
2025-04-11_9.2,2025-04-12,18:00:00,The People Among the Plastic,,
2025-04-11_9.2,2025-04-12,19:00:00,The Great Muslim American Road Trip,#102,"A Bridge Over Troubled Waters: Tulsa to Albuquerque, New Mexico"
2025-04-11_9.2,2025-04-12,20:00:00,A Town Called Victoria,#102,The Suspect
2025-04-11_9.2,2025-04-12,21:00:00,America ReFramed,#1003,Sapelo
2025-04-11_9.2,2025-04-12,22:33:00,Walk the Walk,,
2025-04-11_9.2,2025-04-12,23:00:00,The Great Muslim American Road Trip,#102,"A Bridge Over Troubled Waters: Tulsa to Albuquerque, New Mexico"
2025-04-11_9.2,2025-04-13,00:00:00,A Town Called Victoria,#102,The Suspect
2025-04-11_9.2,2025-04-13,01:00:00,America ReFramed,#1003,Sapelo
2025-04-11_9.2,2025-04-13,02:33:00,Walk the Walk,,
2025-04-11_9.2,2025-04-13,03:00:00,Tulsa: The Fire and the Forgotten,,
2025-04-11_9.2,2025-04-13,04:30:00,Stories from the Stage,#813,Out of the Park
2025-04-11_9.2,2025-04-13,05:00:00,On Story,#1406,On Writing Severance: A Conversation with Dan Erickson
2025-04-11_9.2,2025-04-13,05:30:00,To the Contrary with Bonnie Erbe,#3404,
2025-04-11_9.2,2025-04-13,06:00:00,Washington Week with The Atlantic,#6441,
2025-04-11_9.2,2025-04-13,06:30:00,The Open Mind,#4422,Bipartisan Justice Reform
2025-04-11_9.2,2025-04-13,07:00:00,Focus on Europe,#4316,
2025-04-11_9.2,2025-04-13,07:30:00,Global Us,#1715,Innovative Projects Against Food and Water Waste
2025-04-11_9.2,2025-04-13,08:00:00,America ReFramed,#1003,Sapelo
2025-04-11_9.2,2025-04-13,09:30:00,Walk the Walk,,
2025-04-11_9.2,2025-04-13,10:00:00,The Chavis Chronicles,#502,"Gabriel Groisman - Partner, Lsn Partners"
2025-04-11_9.2,2025-04-13,10:30:00,Laura Flanders & Friends,#202,
2025-04-11_9.2,2025-04-13,11:00:00,Masterpiece,#5229,Grantchester VII
2025-04-11_9.2,2025-04-13,12:00:00,Masterpiece,#5230,Grantchester VII
2025-04-11_9.2,2025-04-13,13:00:00,Great Performances,#5203,Now Hear This: Chopin's Polish Heart
2025-04-11_9.2,2025-04-13,14:00:00,Great Performances,#5111,The Magic of Nureyev
2025-04-11_9.2,2025-04-13,15:00:00,The All-Star Orchestra,#602,Symphonic Metamorphosis
2025-04-11_9.2,2025-04-13,16:00:00,Celebrity Antiques Road Trip,#702,Ricky Tomlinson & Micky Starke
2025-04-11_9.2,2025-04-13,17:00:00,Consuelo Mack Wealth Track,#2141,
2025-04-11_9.2,2025-04-13,17:30:00,On the Record,#812,
2025-04-11_9.2,2025-04-13,18:00:00,History with David Rubenstein,#603,
2025-04-11_9.2,2025-04-13,18:30:00,History with David Rubenstein,#604,
2025-04-11_9.2,2025-04-13,19:00:00,Nature,#4311,Katavi: Africa's Fallen Paradise: Purgatory
2025-04-11_9.2,2025-04-13,20:00:00,Finding Your Roots,#1110,Finding My Roots
2025-04-11_9.2,2025-04-13,21:00:00,POV,#3508,Delikado
2025-04-11_9.2,2025-04-13,22:30:00,Forest Her: the Next Wave of Conservations,,
2025-04-11_9.2,2025-04-13,23:00:00,Nature,#4311,Katavi: Africa's Fallen Paradise: Purgatory
2025-04-11_9.2,2025-04-14,00:00:00,Finding Your Roots,#1110,Finding My Roots
2025-04-11_9.2,2025-04-14,01:00:00,POV,#3508,Delikado
2025-04-11_9.2,2025-04-14,02:30:00,Forest Her: The Next Wave,,
2025-04-11_9.2,2025-04-14,03:00:00,The People Among the Plastic,,
2025-04-11_9.2,2025-04-14,04:00:00,History with David Rubenstein,#603,Selwyn Vickers
2025-04-11_9.2,2025-04-14,04:30:00,History with David Rubenstein,#604,Steve Inskeep
2025-04-11_9.2,2025-04-14,05:00:00,BBC News,#1066,
2025-04-11_9.2,2025-04-14,05:30:00,The Whitney Reynolds Show,#606,Extreme Survival
2025-04-11_9.2,2025-04-14,06:00:00,Newsroom Tokyo,#25074,
2025-04-11_9.2,2025-04-14,06:27:00,Newsline In Depth,#25074,
2025-04-11_9.2,2025-04-14,07:00:00,Nature,#4311,Katavi: Africa's Fallen Paradise: Purgatory
2025-04-11_9.2,2025-04-14,08:00:00,Finding Your Roots,#1110,Finding My Roots
2025-04-11_9.2,2025-04-14,09:00:00,POV,#3508,Delikado
2025-04-11_9.2,2025-04-14,10:30:00,Forest Her: the Next Wave of Conservations,,
2025-04-11_9.2,2025-04-14,11:00:00,Sit and Be Fit,#1908,Head to Toe Fitness
2025-04-11_9.2,2025-04-14,11:30:00,Classical Stretch,#1525,Spine Mobility
2025-04-11_9.2,2025-04-14,12:00:00,The Whitney Reynolds Show,#606,Extreme Survival
2025-04-11_9.2,2025-04-14,12:30:00,The Open Mind,#4422,Bipartisan Justice Reform
2025-04-11_9.2,2025-04-14,13:00:00,Death in Paradise,,
2025-04-11_9.2,2025-04-14,14:00:00,Victoria and Albert: The Wedding,,
2025-04-11_9.2,2025-04-14,15:00:00,Margaret: The Rebel Princess,,
2025-04-11_9.2,2025-04-14,16:00:00,Asian Americans,,
2025-04-11_9.2,2025-04-14,16:30:00,To Be Announced,,
2025-04-11_9.2,2025-04-14,17:00:00,France 24,#25074,
2025-04-11_9.2,2025-04-14,17:30:00,Newsline,#15206,
2025-04-11_9.2,2025-04-14,18:00:00,The Kate,,
2025-04-11_9.2,2025-04-14,19:00:00,The PBS News Hour,#14706,
2025-04-11_9.2,2025-04-14,20:00:00,Great Estates Scotland,,
2025-04-11_9.2,2025-04-14,21:00:00,Earth's Natural Wonders,,
2025-04-11_9.2,2025-04-14,22:00:00,The Day,#14076,
2025-04-11_9.2,2025-04-14,22:30:00,BBC News,#1066,
2025-04-11_9.2,2025-04-14,23:00:00,The Secret Song,,
2025-04-11_9.2,2025-04-15,00:00:00,Repairing The World: Stories from the Tree of Life,,
2025-04-11_9.2,2025-04-15,01:00:00,To Be Announced,,
2025-04-11_9.2,2025-04-15,04:00:00,To Be Announced,,
2025-04-11_9.2,2025-04-15,05:00:00,BBC News,#1067,
2025-04-11_9.2,2025-04-15,05:30:00,Asia Insight,#1241,
2025-04-11_9.2,2025-04-15,06:00:00,Newsroom Tokyo,#25075,
2025-04-11_9.2,2025-04-15,06:27:00,Newsline In Depth,#25075,
2025-04-11_9.2,2025-04-15,07:00:00,The Secret Song,,
2025-04-11_9.2,2025-04-15,08:00:00,Repairing The World: Stories from the Tree of Life,,
2025-04-11_9.2,2025-04-15,09:30:00,Stories from the Stage,#814,Victory Lap
2025-04-11_9.2,2025-04-15,10:00:00,Greta Thunberg: A Year to Change the World,#101,
2025-04-11_9.2,2025-04-15,11:00:00,NOVA,,
2025-04-11_9.2,2025-04-15,11:30:00,Classical Stretch,#1401,Full Body Alignment
2025-04-11_9.2,2025-04-15,12:00:00,Consuelo Mack Wealth Track,#2141,
2025-04-11_9.2,2025-04-15,12:30:00,Asia Insight,#1241,
2025-04-11_9.2,2025-04-15,13:00:00,Opportunity Knock$,#207,Big Dream$
2025-04-11_9.2,2025-04-15,13:30:00,Opportunity Knock$,#208,Reaching Goal$
2025-04-11_9.2,2025-04-15,14:00:00,Masterpiece,,
2025-04-11_9.2,2025-04-15,15:00:00,To Be Announced,,
2025-04-11_9.2,2025-04-15,16:00:00,To Be Announced,,
2025-04-11_9.2,2025-04-15,16:30:00,To Be Announced,,
2025-04-11_9.2,2025-04-15,17:00:00,Consuelo Mack Wealth Track,,
2025-04-11_9.2,2025-04-15,17:30:00,DW News,#22077,
2025-04-11_9.2,2025-04-15,18:00:00,A Final Landing on Iwo Jima,,
2025-04-11_9.2,2025-04-15,19:00:00,American Masters,,
2025-04-11_9.2,2025-04-15,20:00:00,Finding Your Roots,,
2025-04-11_9.2,2025-04-15,21:00:00,America ReFramed,,
2025-04-11_9.2,2025-04-15,21:30:00,One Voice: The Songs We Share,,
2025-04-11_9.2,2025-04-15,22:00:00,The Day,#14077,
2025-04-11_9.2,2025-04-15,22:30:00,BBC News,,
2025-04-11_9.2,2025-04-15,23:00:00,NOVA,#5207,Revolutionary War Weapons
2025-04-11_9.2,2025-04-16,00:00:00,The Future of Nature,#103,Forests
2025-04-11_9.2,2025-04-16,01:00:00,Sea Change: The Gulf of Maine,#102,Peril
2025-04-11_9.2,2025-04-16,02:00:00,The PBS News Hour,#14707,
2025-04-11_9.2,2025-04-16,03:00:00,Amanpour and Company,#7207,
2025-04-11_9.2,2025-04-16,04:00:00,To Be Announced,,
2025-04-11_9.2,2025-04-16,05:00:00,On Story,,
2025-04-11_9.2,2025-04-16,05:30:00,GZero World with Ian Bremmer,#741,
2025-04-11_9.2,2025-04-16,06:00:00,Newsroom Tokyo,#25076,
2025-04-11_9.2,2025-04-16,06:27:00,Newsline In Depth,#25076,
2025-04-11_9.2,2025-04-16,07:00:00,NOVA,#5207,Revolutionary War Weapons
2025-04-11_9.2,2025-04-16,08:00:00,The Future of Nature,#103,Forests
2025-04-11_9.2,2025-04-16,09:00:00,Sea Change: The Gulf of Maine,#102,Peril
2025-04-11_9.2,2025-04-16,10:00:00,Greta Thunberg: A Year to Change the World,#102,
2025-04-11_9.2,2025-04-16,11:00:00,Masterpiece,,
2025-04-11_9.2,2025-04-16,11:30:00,Classical Stretch,#1402,Hamstring Stretch
2025-04-11_9.2,2025-04-16,12:00:00,Victoria and Albert: The Wedding,,
2025-04-11_9.2,2025-04-16,12:30:00,Asia Insight,,
2025-04-11_9.2,2025-04-16,13:00:00,Great Performances,,
2025-04-11_9.2,2025-04-16,14:00:00,Masterpiece,,
2025-04-11_9.2,2025-04-16,15:00:00,To Be Announced,,
2025-04-11_9.2,2025-04-16,16:00:00,To Be Announced,,
2025-04-11_9.2,2025-04-16,17:00:00,Consuelo Mack Wealth Track,,
2025-04-11_9.2,2025-04-16,17:30:00,On the Record,,
2025-04-11_9.2,2025-04-16,18:00:00,To Be Announced,,
2025-04-11_9.2,2025-04-16,19:00:00,Nature,,
2025-04-11_9.2,2025-04-16,20:00:00,Finding Your Roots,,
2025-04-11_9.2,2025-04-16,20:30:00,Tell Me More with Kelly Corrigan,,
2025-04-11_9.2,2025-04-16,21:00:00,The PBS News Hour,#14708,
2025-04-11_9.2,2025-04-16,21:30:00,One Voice: The Songs We Share,,
2025-04-11_9.2,2025-04-16,22:00:00,The Day,#14078,
2025-04-11_9.2,2025-04-16,22:30:00,BBC News,#1068,
2025-04-11_9.2,2025-04-16,23:00:00,"Barry Farm: Community, Land and Justice in Washington DC",,
2025-04-11_9.2,2025-04-17,00:00:00,The Corridors of Power,,
2025-04-11_9.2,2025-04-17,00:30:00,To Be Announced,,
2025-04-11_9.2,2025-04-17,01:00:00,The Corridors of Power,,
2025-04-11_9.2,2025-04-17,03:00:00,The PBS News Hour,#14708,
2025-04-11_9.2,2025-04-17,04:00:00,To Be Announced,,
2025-04-11_9.2,2025-04-17,05:00:00,BBC News,#1069,
2025-04-11_9.2,2025-04-17,05:30:00,Story in the Public Square,#1415,
2025-04-11_9.2,2025-04-17,06:00:00,Newsroom Tokyo,#25077,
2025-04-11_9.2,2025-04-17,06:27:00,Newsline In Depth,#25077,
2025-04-11_9.2,2025-04-17,07:00:00,"Barry Farm: Community, Land and Justice in Washington DC",,
2025-04-11_9.2,2025-04-17,08:00:00,The Corridors of Power,,
2025-04-11_9.2,2025-04-17,10:00:00,Greta Thunberg: A Year to Change the World,#103,
2025-04-11_9.2,2025-04-17,11:00:00,Sit and Be Fit,#1701,Heel to Toe Functional Fitness
2025-04-11_9.2,2025-04-17,11:30:00,Classical Stretch,#1403,Upper Back Strength
2025-04-11_9.2,2025-04-17,12:00:00,Father Brown,,
2025-04-11_9.2,2025-04-17,12:30:00,Asia Insight,,
2025-04-11_9.2,2025-04-17,13:00:00,Death in Paradise,,
2025-04-11_9.2,2025-04-17,14:00:00,Masterpiece,,
2025-04-11_9.2,2025-04-17,15:00:00,Lucy Worsley Investigates,,
2025-04-11_9.2,2025-04-17,16:00:00,Masterpiece,,
2025-04-11_9.2,2025-04-17,17:00:00,France 24,#25077,
2025-04-11_9.2,2025-04-17,17:30:00,Newsline,#15209,
2025-04-11_9.2,2025-04-17,18:00:00,Austin City Limits,,
2025-04-11_9.2,2025-04-17,19:00:00,The PBS News Hour,#14709,
2025-04-11_9.2,2025-04-17,20:00:00,Secrets of the Royal Palaces,,
2025-04-11_9.2,2025-04-17,20:30:00,Tell Me More with Kelly Corrigan,,
2025-04-11_9.2,2025-04-17,21:00:00,The Paris Murders,,
2025-04-11_9.2,2025-04-17,21:30:00,One Voice: The Songs We Share,,
2025-04-11_9.2,2025-04-17,22:00:00,The Day,#14079,
2025-04-11_9.2,2025-04-17,22:30:00,BBC News,#1069,
2025-04-11_9.2,2025-04-17,23:00:00,Reel South,#1002,How to Sue The Klan/I'm Still Here
2025-04-11_9.2,2025-04-18,00:00:00,To Be Announced,,
2025-04-11_9.2,2025-04-18,00:30:00,POV,#604,POV Shorts: Boom and Bust
2025-04-11_9.2,2025-04-18,01:00:00,To Be Announced,,
2025-04-11_9.2,2025-04-18,04:00:00,To Be Announced,,
2025-04-11_9.2,2025-04-18,05:00:00,BBC News,#1070,
2025-04-11_9.2,2025-04-18,05:30:00,Closer to Truth's Philosophy of Biology,#208,What Does Transhumanism Foreshadow?
2025-04-11_9.2,2025-04-18,06:00:00,Newsroom Tokyo,#25078,
2025-04-11_9.2,2025-04-18,06:27:00,Newsline In Depth,,
2025-04-11_9.2,2025-04-18,06:40:00,Direct Talk,#25078,
2025-04-11_9.2,2025-04-18,07:00:00,America ReFramed,#1104,A Decent Home
2025-04-11_9.2,2025-04-18,08:30:00,POV,#604,POV Shorts: Boom and Bust
2025-04-11_9.2,2025-04-18,09:00:00,Reel South,#1002,How to Sue The Klan/I'm Still Here
2025-04-11_9.2,2025-04-18,10:00:00,Forest Her: The Next Wave,,
2025-04-11_9.2,2025-04-18,10:30:00,Stories from the Stage,#814,Victory Lap
2025-04-11_9.2,2025-04-18,11:00:00,Sit and Be Fit,#1702,Body Alignment and Core Strengthening
2025-04-11_9.2,2025-04-18,11:30:00,Classical Stretch,#1404,Improve Your Posture
2025-04-11_9.2,2025-04-18,12:00:00,Sister Boniface Mysteries,#107,Dem Bones
2025-04-11_9.2,2025-04-18,13:00:00,Father Brown,#908,The Wayward Girls
2025-04-11_9.2,2025-04-18,14:00:00,Masterpiece,#5229,Grantchester VII
2025-04-11_9.2,2025-04-18,15:00:00,Masterpiece,#5230,Grantchester VII
2025-04-11_9.2,2025-04-18,16:00:00,Austin City Limits,#5008,Juanes
2025-04-11_9.2,2025-04-18,17:00:00,France 24,#25078,
2025-04-11_9.2,2025-04-18,17:30:00,Newsline,#15210,
2025-04-11_9.2,2025-04-18,18:00:00,Song of the Mountains,#1911,Garrett Newton & The Lovesick Drifters/Liam Purcell & Cane Mill Road
2025-04-11_9.2,2025-04-18,19:00:00,The PBS News Hour,#14710,
2025-04-11_9.2,2025-04-18,20:00:00,The Vietnam War,#103,The River Styx
2025-04-11_9.2,2025-04-18,22:00:00,Bloomberg Wall Street Week,#25078,
2025-04-11_9.2,2025-04-18,23:00:00,Water: The Sacred Gift,,
2025-04-11_9.2,2025-04-19,00:00:00,"Upstream, Downriver",,
2025-04-11_9.2,2025-04-19,01:00:00,Thirst for Power,,
2025-04-11_9.2,2025-04-19,02:00:00,The PBS News Hour,#14710,
2025-04-11_9.2,2025-04-19,03:00:00,Amanpour and Company,#7210,
2025-04-11_9.2,2025-04-19,04:00:00,The Secret Song,,
2025-04-11_9.2,2025-04-19,05:00:00,The Whitney Reynolds Show,#901,Dreams Unleashed
2025-04-11_9.2,2025-04-19,05:30:00,Consuelo Mack Wealth Track,#2142,
2025-04-11_9.2,2025-04-19,06:00:00,To the Contrary with Bonnie Erbe,#3405,
2025-04-11_9.2,2025-04-19,06:30:00,Washington Week with The Atlantic,#6442,
2025-04-11_9.2,2025-04-19,07:00:00,Water: The Sacred Gift,,
2025-04-11_9.2,2025-04-19,08:00:00,"Upstream, Downriver",,
2025-04-11_9.2,2025-04-19,09:00:00,Thirst for Power,,
2025-04-11_9.2,2025-04-19,10:00:00,Consuelo Mack Wealth Track,#2142,
2025-04-11_9.2,2025-04-19,10:30:00,The Whitney Reynolds Show,#901,Dreams Unleashed
2025-04-11_9.2,2025-04-19,11:00:00,NOVA,#5208,Secrets of the Forest
2025-04-11_9.2,2025-04-19,12:00:00,The Future of Nature,#104,Humans
2025-04-11_9.2,2025-04-19,13:00:00,The Green Planet,#103,Seasonal Worlds
2025-04-11_9.2,2025-04-19,14:00:00,"Upstream, Downriver",,
2025-04-11_9.2,2025-04-19,15:00:00,Thirst for Power,,
2025-04-11_9.2,2025-04-19,16:00:00,American Experience,#3701,Forgotten Hero: Walter White and the NAACP
2025-04-11_9.2,2025-04-19,18:00:00,Asd Band: The Movie,,
2025-04-11_9.2,2025-04-19,19:00:00,The Great Muslim American Road Trip,#103,"Back on the Road Again: Arizona, Nevada, California"
2025-04-11_9.2,2025-04-19,20:00:00,A Town Called Victoria,#103,The Trial
2025-04-11_9.2,2025-04-19,21:00:00,America ReFramed,#1104,A Decent Home
2025-04-11_9.2,2025-04-19,22:30:00,POV,#604,POV Shorts: Boom and Bust
2025-04-11_9.2,2025-04-19,23:00:00,The Great Muslim American Road Trip,#103,"Back on the Road Again: Arizona, Nevada, California"
2025-04-11_9.2,2025-04-20,00:00:00,A Town Called Victoria,#103,The Trial
2025-04-11_9.2,2025-04-20,01:00:00,America ReFramed,#1104,A Decent Home
2025-04-11_9.2,2025-04-20,02:30:00,POV,#604,POV Shorts: Boom and Bust
2025-04-11_9.2,2025-04-20,03:00:00,Repairing The World: Stories from the Tree of Life,,
2025-04-11_9.2,2025-04-20,04:30:00,Stories from the Stage,#814,Victory Lap
2025-04-11_9.2,2025-04-20,05:00:00,On Story,#1407,A Conversation with Lauren Schuler Donner
2025-04-11_9.2,2025-04-20,05:30:00,To the Contrary with Bonnie Erbe,#3405,
2025-04-11_9.2,2025-04-20,06:00:00,Washington Week with The Atlantic,#6442,
2025-04-11_9.2,2025-04-20,06:30:00,The Open Mind,#4423,The Politicization of Everything
2025-04-11_9.2,2025-04-20,07:00:00,Focus on Europe,#4317,
2025-04-11_9.2,2025-04-20,07:30:00,Global Us,#1716,
2025-04-11_9.2,2025-04-20,08:00:00,America ReFramed,#1104,A Decent Home
2025-04-11_9.2,2025-04-20,09:30:00,POV,#604,POV Shorts: Boom and Bust
2025-04-11_9.2,2025-04-20,10:00:00,The Chavis Chronicles,#503,American Cancer Society
2025-04-11_9.2,2025-04-20,10:30:00,Laura Flanders & Friends,#203,
2025-04-11_9.2,2025-04-20,11:00:00,Masterpiece,#5231,Grantchester VII
2025-04-11_9.2,2025-04-20,12:00:00,Masterpiece,#5232,Grantchester VII
2025-04-11_9.2,2025-04-20,13:00:00,Great Performances,#5204,Now Hear This: Boccherini: Night Music
2025-04-11_9.2,2025-04-20,14:00:00,Great Performances,#4711,The Magic of Spirituals
2025-04-11_9.2,2025-04-20,15:00:00,The All-Star Orchestra,#603,Concerto for Orchestra
2025-04-11_9.2,2025-04-20,16:00:00,Celebrity Antiques Road Trip,#704,Ore Oduba & Joanne Clifton
2025-04-11_9.2,2025-04-20,17:00:00,Consuelo Mack Wealth Track,#2142,
2025-04-11_9.2,2025-04-20,17:30:00,On the Record,#813,
2025-04-11_9.2,2025-04-20,18:00:00,History with David Rubenstein,#605,Stacy Schiff
2025-04-11_9.2,2025-04-20,18:30:00,History with David Rubenstein,#606,Robert Caro
2025-04-11_9.2,2025-04-20,19:00:00,Nature,#4312,Katavi: Africa's Fallen Paradise: Salvation
2025-04-11_9.2,2025-04-20,20:00:00,Finding Your Roots,#909,Anchormen
2025-04-11_9.2,2025-04-20,21:00:00,American Experience,#3604,Poisoned Ground: The Tragedy at Love Canal
2025-04-11_9.2,2025-04-20,23:00:00,Nature,#4312,Katavi: Africa's Fallen Paradise: Salvation
2025-04-11_9.2,2025-04-21,00:00:00,Finding Your Roots,#909,Anchormen
2025-04-11_9.2,2025-04-21,01:00:00,American Experience,#3604,Poisoned Ground: The Tragedy at Love Canal
2025-04-11_9.2,2025-04-21,03:00:00,Asd Band: The Movie,,
2025-04-11_9.2,2025-04-21,04:00:00,History with David Rubenstein,#605,Stacy Schiff
2025-04-11_9.2,2025-04-21,04:30:00,History with David Rubenstein,#606,Robert Caro
2025-04-11_9.2,2025-04-21,05:00:00,BBC News,,
2025-04-11_9.2,2025-04-21,05:30:00,The Whitney Reynolds Show,#901,Dreams Unleashed
2025-04-11_9.2,2025-04-21,06:00:00,Newsroom Tokyo,#25079,
2025-04-11_9.2,2025-04-21,06:27:00,Newsline In Depth,,
2025-04-11_9.2,2025-04-21,07:00:00,Nature,#4312,Katavi: Africa's Fallen Paradise: Salvation
2025-04-11_9.2,2025-04-21,08:00:00,Finding Your Roots,#909,Anchormen
2025-04-11_9.2,2025-04-21,09:00:00,American Experience,#3604,Poisoned Ground: The Tragedy at Love Canal
2025-04-11_9.2,2025-04-21,11:00:00,Sit and Be Fit,,
2025-04-11_9.2,2025-04-21,11:30:00,Classical Stretch,,
2025-04-11_9.2,2025-04-21,12:00:00,The Whitney Reynolds Show,#901,Dreams Unleashed
2025-04-11_9.2,2025-04-21,12:30:00,The Open Mind,#4423,The Politicization of Everything
2025-04-11_9.2,2025-04-21,13:00:00,Death in Paradise,,
2025-04-11_9.2,2025-04-21,14:00:00,Victoria and Albert: The Wedding,,
2025-04-11_9.2,2025-04-21,15:00:00,Margaret: The Rebel Princess,,
2025-04-11_9.2,2025-04-21,16:00:00,Asian Americans,,
2025-04-11_9.2,2025-04-21,16:30:00,To Be Announced,,
2025-04-11_9.2,2025-04-21,17:00:00,France 24,,
2025-04-11_9.2,2025-04-21,17:30:00,Newsline,,
2025-04-11_9.2,2025-04-21,18:00:00,The Kate,,
2025-04-11_9.2,2025-04-21,19:00:00,The PBS News Hour,#14711,
2025-04-11_9.2,2025-04-21,20:00:00,Great Estates Scotland,,
2025-04-11_9.2,2025-04-21,21:00:00,Earth's Natural Wonders,,
2025-04-11_9.2,2025-04-21,22:00:00,The Day,,
2025-04-11_9.2,2025-04-21,22:30:00,BBC News,,
2025-04-11_9.2,2025-04-21,23:00:00,When the Waters Get Deep,,
2025-04-11_9.2,2025-04-22,00:00:00,POV,#3711,The Body Politic
2025-04-11_9.2,2025-04-22,01:30:00,Stories from the Stage,#815,Saving The Planet
2025-04-11_9.2,2025-04-22,02:00:00,The PBS News Hour,#14711,
2025-04-11_9.2,2025-04-22,03:00:00,Amanpour and Company,#7211,
2025-04-11_9.2,2025-04-22,04:00:00,To Be Announced,,
2025-04-11_9.2,2025-04-22,05:00:00,BBC News,#1072,
2025-04-11_9.2,2025-04-22,05:30:00,Asia Insight,#1225,
2025-04-11_9.2,2025-04-22,06:00:00,Newsroom Tokyo,#25080,
2025-04-11_9.2,2025-04-22,06:27:00,Newsline In Depth,,
2025-04-11_9.2,2025-04-22,07:00:00,When the Waters Get Deep,,
2025-04-11_9.2,2025-04-22,08:00:00,POV,#3711,The Body Politic
2025-04-11_9.2,2025-04-22,09:30:00,Stories from the Stage,#815,Saving The Planet
2025-04-11_9.2,2025-04-22,10:00:00,Water: The Sacred Gift,,
2025-04-11_9.2,2025-04-22,11:00:00,NOVA,,
2025-04-11_9.2,2025-04-22,11:30:00,Classical Stretch,,
2025-04-11_9.2,2025-04-22,12:00:00,To Be Announced,,
2025-04-11_9.2,2025-04-22,12:30:00,Asia Insight,,
2025-04-11_9.2,2025-04-22,13:00:00,Extinction: The Facts,,
2025-04-11_9.2,2025-04-22,14:00:00,Masterpiece,,
2025-04-11_9.2,2025-04-22,15:00:00,To Be Announced,,
2025-04-11_9.2,2025-04-22,16:00:00,To Be Announced,,
2025-04-11_9.2,2025-04-22,16:30:00,To Be Announced,,
2025-04-11_9.2,2025-04-22,17:00:00,Consuelo Mack Wealth Track,,
2025-04-11_9.2,2025-04-22,17:30:00,DW News,#22082,
2025-04-11_9.2,2025-04-22,18:00:00,A Final Landing on Iwo Jima,,
2025-04-11_9.2,2025-04-22,19:00:00,American Masters,,
2025-04-11_9.2,2025-04-22,20:00:00,Finding Your Roots,,
2025-04-11_9.2,2025-04-22,21:00:00,America ReFramed,,
2025-04-11_9.2,2025-04-22,21:30:00,One Voice: The Songs We Share,,
2025-04-11_9.2,2025-04-22,22:00:00,The Day,#14082,
2025-04-11_9.2,2025-04-22,22:30:00,BBC News,,
2025-04-11_9.2,2025-04-22,23:00:00,NOVA,#5208,Secrets of the Forest
2025-04-11_9.2,2025-04-23,00:00:00,The Future of Nature,#104,Humans
2025-04-11_9.2,2025-04-23,01:00:00,Sea Change: The Gulf of Maine,#103,Survival
2025-04-11_9.2,2025-04-23,02:00:00,The PBS News Hour,#14712,
2025-04-11_9.2,2025-04-23,03:00:00,Amanpour and Company,#7212,
2025-04-11_9.2,2025-04-23,04:00:00,To Be Announced,,
2025-04-11_9.2,2025-04-23,05:00:00,On Story,,
2025-04-11_9.2,2025-04-23,05:30:00,GZero World with Ian Bremmer,#742,
2025-04-11_9.2,2025-04-23,06:00:00,Newsroom Tokyo,#25081,
2025-04-11_9.2,2025-04-23,06:27:00,Newsline In Depth,,
2025-04-11_9.2,2025-04-23,07:00:00,NOVA,#5208,Secrets of the Forest
2025-04-11_9.2,2025-04-23,08:00:00,The Future of Nature,#104,Humans
2025-04-11_9.2,2025-04-23,09:00:00,Sea Change: The Gulf of Maine,#103,Survival
2025-04-11_9.2,2025-04-23,10:00:00,To Be Announced,,
2025-04-11_9.2,2025-04-23,11:00:00,Masterpiece,,
2025-04-11_9.2,2025-04-23,11:30:00,Classical Stretch,,
2025-04-11_9.2,2025-04-23,12:00:00,Victoria and Albert: The Wedding,,
2025-04-11_9.2,2025-04-23,12:30:00,Asia Insight,,
2025-04-11_9.2,2025-04-23,13:00:00,Great Performances,,
2025-04-11_9.2,2025-04-23,14:00:00,Masterpiece,,
2025-04-11_9.2,2025-04-23,15:00:00,To Be Announced,,
2025-04-11_9.2,2025-04-23,16:00:00,To Be Announced,,
2025-04-11_9.2,2025-04-23,17:00:00,Consuelo Mack Wealth Track,,
2025-04-11_9.2,2025-04-23,17:30:00,On the Record,,
2025-04-11_9.2,2025-04-23,18:00:00,To Be Announced,,
2025-04-11_9.2,2025-04-23,19:00:00,Nature,,
2025-04-11_9.2,2025-04-23,20:00:00,Finding Your Roots,,
2025-04-11_9.2,2025-04-23,20:30:00,Tell Me More with Kelly Corrigan,,
2025-04-11_9.2,2025-04-23,21:00:00,The PBS News Hour,#14713,
2025-04-11_9.2,2025-04-23,21:30:00,One Voice: The Songs We Share,,
2025-04-11_9.2,2025-04-23,22:00:00,The Day,#14083,
2025-04-11_9.2,2025-04-23,22:30:00,BBC News,,
2025-04-11_9.2,2025-04-23,23:00:00,The Cure for Hate,,
2025-04-11_9.2,2025-04-24,00:00:00,"Simon Schama: The Holocaust, 80 Years On",,
2025-04-11_9.2,2025-04-24,01:00:00,Frontline,,
2025-04-11_9.2,2025-04-24,02:00:00,The PBS News Hour,#14713,
2025-04-11_9.2,2025-04-24,03:00:00,Amanpour and Company,#7213,
2025-04-11_9.2,2025-04-24,04:00:00,Thirst for Power,,
2025-04-11_9.2,2025-04-24,05:00:00,BBC News,,
2025-04-11_9.2,2025-04-24,05:30:00,Story in the Public Square,#1416,Tim Gray
2025-04-11_9.2,2025-04-24,06:00:00,Newsroom Tokyo,#25082,
2025-04-11_9.2,2025-04-24,06:27:00,Newsline In Depth,,
2025-04-11_9.2,2025-04-24,07:00:00,The Cure for Hate,,
2025-04-11_9.2,2025-04-24,08:00:00,"Simon Schama: The Holocaust, 80 Years On",,
2025-04-11_9.2,2025-04-24,09:00:00,Frontline,#4315,Alaska's Vanishing Native Villages
2025-04-11_9.2,2025-04-24,10:00:00,To Be Announced,,
2025-04-11_9.2,2025-04-24,11:00:00,Sit and Be Fit,,
2025-04-11_9.2,2025-04-24,11:30:00,Classical Stretch,,
2025-04-11_9.2,2025-04-24,12:00:00,Father Brown,,
2025-04-11_9.2,2025-04-24,12:30:00,Asia Insight,,
2025-04-11_9.2,2025-04-24,13:00:00,Death in Paradise,,
2025-04-11_9.2,2025-04-24,14:00:00,Masterpiece,,
2025-04-11_9.2,2025-04-24,15:00:00,Lucy Worsley Investigates,,
2025-04-11_9.2,2025-04-24,16:00:00,Masterpiece,,
2025-04-11_9.2,2025-04-24,17:00:00,France 24,,
2025-04-11_9.2,2025-04-24,17:30:00,Newsline,,
2025-04-11_9.2,2025-04-24,18:00:00,Austin City Limits,,
2025-04-11_9.2,2025-04-24,19:00:00,The PBS News Hour,#14714,
2025-04-11_9.2,2025-04-24,20:00:00,Secrets of the Royal Palaces,,
2025-04-11_9.2,2025-04-24,20:30:00,Tell Me More with Kelly Corrigan,,
2025-04-11_9.2,2025-04-24,21:00:00,The Paris Murders,,
2025-04-11_9.2,2025-04-24,21:30:00,One Voice: The Songs We Share,,
2025-04-11_9.2,2025-04-24,22:00:00,The Day,#14084,
2025-04-11_9.2,2025-04-24,22:30:00,BBC News,,
2025-04-11_9.2,2025-04-24,23:00:00,Reel South,#1003,Black Godfather of Scuba/The Voice of Bamboo/Ishak
2025-04-11_9.2,2025-04-25,00:00:00,Reciprocity Project,,
2025-04-11_9.2,2025-04-25,01:00:00,Reciprocity Project,,
2025-04-11_9.2,2025-04-25,02:00:00,Reel South,#1003,Black Godfather of Scuba/The Voice of Bamboo/Ishak
2025-04-11_9.2,2025-04-25,03:00:00,The PBS News Hour,#14714,
2025-04-11_9.2,2025-04-25,04:00:00,To Be Announced,,
2025-04-11_9.2,2025-04-25,05:00:00,BBC News,,
2025-04-11_9.2,2025-04-25,05:30:00,Closer to Truth's Philosophy of Biology,#201,How Can Philosophy Probe Evolutionary Biology?
